,Overall Place,Recognition,Team Members,Boat #,Staples,Luling 90,Palmetto,Gonzales,Hochheim,Cuero 72,Cuero 236,Victoria,Swinging Bridge (off Canal Rd),Saltwater Barrier,Seadrift,Class,Competitors,Team Captions,0,600,1200,1800,2400,3000,3600,4200,4800,5400,6000
0,1,Unlimited,"Andrew Condie
Clay Wyatt
Ian Rolls
Gaston Jones
Logan Mynar
Weston Willoughby

TC Jill Wyatt
TC Fred Mynar",2,0 days 02:09:45,0 days 05:17:00,0 days 08:10:00,0 days 11:45:00,0 days 16:52:00,0 days 21:27:00,0 days 22:29:00,1 days 04:12:00,1 days 09:05:00,1 days 12:06:00,1 days 16:53:00,Unlimited,['Andrew Condie\nClay Wyatt\nIan Rolls\nGaston Jones\nLogan Mynar\nWeston Willoughby\n\n'],['Jill Wyatt\nTC Fred Mynar'],-2.823763907144894e-07,74.40448992689568,145.64964546254998,212.88443072178723,263.14579023315713,266.06332049717383,266.06332049717383,266.06332049717383,266.06332049717383,266.06332049717383,266.06332049717383
1,2,Unlimited,"Chris Issendorf
William Russell
Kyle Issendorf
Tim Rask
Tommy Yonley
Nick Walton

TC Wayne Thorp
TC Stephen Rask",314,0 days 02:10:30,0 days 05:16:00,0 days 08:10:00,0 days 11:47:00,0 days 17:03:00,0 days 21:46:00,0 days 22:48:00,1 days 04:54:00,1 days 09:46:00,1 days 13:02:00,1 days 18:30:00,Unlimited,['Chris Issendorf\nWilliam Russell\nKyle Issendorf\nTim Rask\nTommy Yonley\nNick Walton\n\n'],['Wayne Thorp\nTC Stephen Rask'],-2.823763907144894e-07,74.28320135887158,143.80829004918508,208.50697722179515,258.8383045131702,266.06332049717383,266.06332049717383,266.06332049717383,266.06332049717383,266.06332049717383,266.06332049717383
2,3,Unlimited,"Jason Cade
Shannon Issendorf
Virginia Parker
Dodd Yeager

TC Cecili Bugge
TC Kaitlin Mynar",3931,0 days 02:34:00,0 days 06:12:00,0 days 09:32:00,0 days 13:34:00,0 days 19:26:00,1 days 00:36:00,1 days 01:56:00,1 days 08:48:00,1 days 14:13:00,1 days 17:49:00,1 days 21:42:00,Unlimited,['Jason Cade\nShannon Issendorf\nVirginia Parker\nDodd Yeager\n\n'],['Cecili Bugge\nTC Kaitlin Mynar'],-2.823763907144894e-07,64.22071538179152,127.48883358611755,185.85147243207075,241.1842022422806,266.06332049717383,266.06332049717383,266.06332049717383,266.06332049717383,266.06332049717383,266.06332049717383
3,4,"Solo Unlimited Man
1st Masters","Andrew McEwan

TC Ashley McEwan
TC Kobie Pierce",513,0 days 02:28:36,0 days 05:59:00,0 days 09:22:00,0 days 13:47:00,0 days 20:14:00,1 days 01:45:00,1 days 03:04:00,1 days 10:02:00,1 days 15:44:00,1 days 20:31:00,2 days 00:30:00,Solo Unlimited Man,['Andrew McEwan\n\n'],['Ashley McEwan\nTC Kobie Pierce'],-2.823763907144894e-07,64.93303860441519,122.67810073295996,179.25401076057966,233.2735608525294,266.06332049717383,266.06332049717383,266.06332049717383,266.06332049717383,266.06332049717383,266.06332049717383
4,5,Tandem Unlimited,"Brian Jones
Nate Tart

TC Dwight Tart
TC Travis Crow",3,0 days 02:32:08,0 days 06:22:00,0 days 09:48:00,0 days 14:15:00,0 days 21:01:00,1 days 02:57:00,1 days 04:16:00,1 days 11:48:00,1 days 18:24:00,1 days 22:45:00,2 days 03:46:00,Tandem Unlimited,['Brian Jones\nNate Tart\n\n'],['Dwight Tart\nTC Travis Crow'],-2.823763907144894e-07,62.40070034554803,118.45151482912888,171.89406342503435,221.10560537175968,260.499658133235,266.06332049717383,266.06332049717383,266.06332049717383,266.06332049717383,266.06332049717383
5,6,Unlimited,"Courtney Martinez
Ryan Martinez
Morgan Kohut

TC Ryan Henk
TC Joyce Henk",315,0 days 02:43:00,0 days 06:38:00,0 days 10:14:00,0 days 15:01:00,0 days 21:52:00,1 days 03:58:00,1 days 05:25:00,1 days 13:10:00,1 days 19:54:00,2 days 00:01:00,2 days 05:07:00,Unlimited,['Courtney Martinez\nRyan Martinez\nMorgan Kohut\n\n'],['Ryan Henk\nTC Joyce Henk'],-2.823763907144894e-07,59.90863841800489,113.9215003046674,165.92715936042083,214.48687266063408,256.40855839706825,266.06332049717383,266.06332049717383,266.06332049717383,266.06332049717383,266.06332049717383
6,7,Unlimited,"Andrew Davis
David Kaiser
Alex Leonard
Luke Zolnierowski
Matt Sandel

TC Jessica Davis
TC Anna Winder",1357,0 days 02:39:26,0 days 06:39:00,0 days 10:28:00,0 days 15:18:00,0 days 22:15:00,1 days 04:19:00,1 days 05:48:00,1 days 14:08:00,1 days 21:17:00,2 days 01:55:00,2 days 09:22:00,Unlimited,['Andrew Davis\nDavid Kaiser\nAlex Leonard\nLuke Zolnierowski\nMatt Sandel\n\n'],['Jessica Davis\nTC Anna Winder'],-2.823763907144894e-07,58.724286883987645,112.02312491810395,163.95120826051382,209.5829660467114,250.44133813629523,266.06332049717383,266.06332049717383,266.06332049717383,266.06332049717383,266.06332049717383
7,8,Tandem Unlimited,"James Lowe
David Earnest

TC Cole Carter
TC Avery Carter",2424,0 days 02:42:00,0 days 06:38:00,0 days 10:14:00,0 days 14:58:00,0 days 21:40:00,1 days 03:18:00,1 days 04:11:00,1 days 12:53:00,1 days 19:58:00,2 days 01:32:00,2 days 11:38:00,Tandem Unlimited,['James Lowe\nDavid Earnest\n\n'],['Cole Carter\nTC Avery Carter'],-2.823763907144894e-07,59.90863841800489,114.80148905016577,171.0740562097457,215.07661694479032,250.99459189088842,266.06332049717383,266.06332049717383,266.06332049717383,266.06332049717383,266.06332049717383
8,9,"Mixed Tandem Unlimited
1st Adult Youth","Holly Orr
William Orr

TC Andrew Nelson
TC Stahl Urban",357,0 days 03:00:00,0 days 07:20:00,0 days 11:24:00,0 days 16:52:00,1 days 00:44:00,1 days 07:53:00,1 days 10:02:00,1 days 22:23:00,2 days 05:56:00,2 days 10:32:00,2 days 16:16:00,Mixed Tandem Unlimited,['Holly Orr\nWilliam Orr\n\n'],['Andrew Nelson\nTC Stahl Urban'],-2.823763907144894e-07,54.14832671330838,101.72427382918343,147.32538094820046,181.64656900011465,216.27492214190931,254.30614719979366,266.06332049717383,266.06332049717383,266.06332049717383,266.06332049717383
9,10,Aluminum,"Joe Geisinger
Libby Geisinger

TC Curt Slaten
TC Mike Drost",54,0 days 03:13:00,0 days 07:44:00,0 days 11:51:00,0 days 17:19:00,1 days 01:06:00,1 days 07:43:00,1 days 09:26:00,1 days 18:59:00,2 days 01:56:00,2 days 06:27:00,2 days 16:54:00,Aluminum,['Joe Geisinger\nLibby Geisinger\n\n'],['Curt Slaten\nTC Mike Drost'],-2.823763907144894e-07,51.981250546848415,99.74006985243263,147.45059888081659,189.52736065184956,232.53599610003678,258.6553168675147,266.06332049717383,266.06332049717383,266.06332049717383,266.06332049717383
10,11,Solo Unlimited Woman,"Salli O'Donnell

TC Mike Malone
TC Joe Frohock",5353,0 days 02:52:00,0 days 07:09:00,0 days 11:05:00,0 days 16:18:00,0 days 23:44:00,1 days 06:16:00,1 days 07:48:00,1 days 19:00:00,2 days 01:57:00,2 days 07:00:00,2 days 17:46:00,Solo Unlimited Woman,"[""Salli O'Donnell\n\n""]",['Mike Malone\nTC Joe Frohock'],-2.823763907144894e-07,55.5673110556662,105.4092344094568,154.36832282927128,191.24373681421216,232.4485593503213,257.6014772155164,266.06332049717383,266.06332049717383,266.06332049717383,266.06332049717383
11,12,Solo Unlimited Man,"Adam Sims

TC Brent Townsend
TC Jason Smith",42,0 days 02:54:00,0 days 07:05:00,0 days 10:55:00,0 days 16:01:00,0 days 23:11:00,1 days 05:58:00,1 days 07:40:00,1 days 16:17:00,2 days 00:00:00,2 days 07:32:00,2 days 18:00:00,Solo Unlimited Man,['Adam Sims\n\n'],['Brent Townsend\nTC Jason Smith'],-2.823763907144894e-07,56.315432621151835,107.56035073735318,155.80424439930567,200.29991158800223,237.0476253365716,257.00673995162026,266.06332049717383,266.06332049717383,266.06332049717383,266.06332049717383
12,13,Mixed Tandem Unlimited,"Brenda Jones
Keifer Mauldin

TC Tonya Jones
TC Brittany Mauldin
",5961,0 days 02:53:00,0 days 07:03:00,0 days 11:04:00,0 days 17:13:00,1 days 00:29:00,1 days 07:26:00,1 days 09:06:00,1 days 21:19:00,2 days 05:11:00,2 days 11:14:00,2 days 19:45:00,Mixed Tandem Unlimited,['Brenda Jones\nKeifer Mauldin\n\n'],['Tonya Jones\nTC Brittany Mauldin\n'],-2.823763907144894e-07,55.77063082227869,101.1582039538542,149.1342592130267,184.79426113801645,219.8460179826506,251.68681119671416,266.06332049717383,266.06332049717383,266.06332049717383,266.06332049717383
13,14,USCA C-2,"Brandon Stafford
Bill Stafford

TC Joseph Bitterly
TC Wade Stafford",30,0 days 03:04:00,0 days 07:28:00,0 days 11:30:00,0 days 16:56:00,1 days 00:25:00,1 days 07:21:00,1 days 09:12:00,1 days 18:51:00,2 days 02:46:00,2 days 07:52:00,2 days 19:47:00,USCA C-2,['Brandon Stafford\nBill Stafford\n\n'],['Joseph Bitterly\nTC Wade Stafford'],-2.823763907144894e-07,53.57860765351841,102.15017117974736,149.4988769910157,190.18464403333698,229.29703799085843,255.74444825133943,266.06332049717383,266.06332049717383,266.06332049717383,266.06332049717383
14,15,USCA C-2,"Joshua Hulin
Susannah Hulin

TC Priscilla Hulin
TC Cherith Hendrich",56,0 days 03:10:00,0 days 07:39:00,0 days 12:22:00,0 days 17:40:00,1 days 02:38:00,1 days 10:02:00,1 days 11:40:00,1 days 23:09:00,2 days 07:10:00,2 days 12:58:00,2 days 20:12:00,USCA C-2,['Joshua Hulin\nSusannah Hulin\n\n'],['Priscilla Hulin\nTC Cherith Hendrich'],-2.823763907144894e-07,50.901652408731366,96.60800710332259,138.41386652038304,177.56999519903658,212.482485326256,247.26558219152207,266.06332049717383,266.06332049717383,266.06332049717383,266.06332049717383
15,16,Standard,"Chris Champion
Wendell Smith

TC Mark Miller
TC Aaron Timmins",880,0 days 03:11:00,0 days 07:42:00,0 days 11:46:00,0 days 17:09:00,1 days 00:52:00,1 days 08:08:00,1 days 10:07:00,1 days 19:55:00,2 days 03:13:00,2 days 08:26:00,2 days 20:48:00,Standard,['Chris Champion\nWendell Smith\n\n'],['Mark Miller\nTC Aaron Timmins'],-2.823763907144894e-07,52.28975791776806,100.65069506937014,146.37061338688244,186.1639291278436,227.1532017877012,254.82111772831772,266.06332049717383,266.06332049717383,266.06332049717383,266.06332049717383
16,17,Solo Unlimited Man,"Brady Lotz

TC Charlene Lotz
TC Charles Cox",66,0 days 03:05:00,0 days 07:30:00,0 days 11:43:00,0 days 17:08:00,1 days 01:20:00,1 days 09:27:00,1 days 11:32:00,1 days 23:09:00,2 days 07:01:00,2 days 12:27:00,2 days 20:52:00,Solo Unlimited Man,['Brady Lotz\n\n'],['Charlene Lotz\nTC Charles Cox'],-2.823763907144894e-07,52.85273797333417,99.91939400947277,142.21062449689362,177.8454295950422,212.69061544358033,248.77430003421142,266.06332049717383,266.06332049717383,266.06332049717383,266.06332049717383
17,18,Unlimited,"Daniel Currey
Derrick Lee
Greg Frank
Austin Bodin

TC Miranda Wait
TC Heather Toombs",667,0 days 03:16:00,0 days 07:53:00,0 days 12:07:00,0 days 18:05:00,1 days 02:46:00,1 days 11:17:00,1 days 13:19:00,1 days 23:30:00,2 days 07:08:00,2 days 14:34:00,2 days 22:00:00,Unlimited,['Daniel Currey\nDerrick Lee\nGreg Frank\nAustin Bodin\n\n'],['Miranda Wait\nTC Heather Toombs'],-2.823763907144894e-07,50.938071521011466,95.14467258907807,136.03104801979532,173.18187058466452,211.6228441794134,244.0513679840601,266.06332049717383,266.06332049717383,266.06332049717383,266.06332049717383
18,19,Unlimited,"John Mark Harrasw
Darren Dodd - out @ Wooden Bridge
John Dupont
Garret Jones
Jimmy MacMillan
Matt Wagner

TC Jason Jones
TC Patty Dodd",807,0 days 02:43:00,0 days 06:42:00,0 days 10:29:00,0 days 15:25:00,0 days 22:14:00,1 days 04:26:00,1 days 06:06:00,1 days 15:27:00,1 days 23:12:00,2 days 04:59:00,2 days 22:15:00,Unlimited,['John Mark Harrasw\nDarren Dodd - out @ Wooden Bridge\nJohn Dupont\nGarret Jones\nJimmy MacMillan\nMatt Wagner\n\n'],['Jason Jones\nTC Patty Dodd'],-2.823763907144894e-07,58.61127364885493,111.87908921415132,162.58423926174922,203.7461524338909,240.9822978351387,256.68474762527416,265.8345748173714,266.06332049717383,266.06332049717383,266.06332049717383
19,20,Aluminum,"Stephen Beck
Andy Armendariz

TC Kendra Alaniz
TC Roman Manzano",4747,0 days 03:27:00,0 days 08:18:00,0 days 12:38:00,0 days 18:33:00,1 days 03:12:00,1 days 10:53:00,1 days 12:59:00,2 days 01:50:00,2 days 09:36:00,2 days 15:25:00,2 days 22:30:00,Aluminum,['Stephen Beck\nAndy Armendariz\n\n'],['Kendra Alaniz\nTC Roman Manzano'],-2.823763907144894e-07,48.71818655403044,93.17721734419722,135.54938545789528,172.07410984161646,202.22608351334344,239.69494803247107,264.94811802999584,266.06332049717383,266.06332049717383,266.06332049717383
20,21,USCA C-2,"Joe Mann
John Bugge

TC Jennifer Bugge
TC Megan Yeager",1345,0 days 03:19:00,0 days 07:50:00,0 days 12:03:00,0 days 17:16:00,1 days 00:30:00,1 days 07:09:00,1 days 08:56:00,1 days 17:49:00,2 days 00:59:00,2 days 06:35:00,2 days 22:56:00,USCA C-2,['Joe Mann\nJohn Bugge\n\n'],['Jennifer Bugge\nTC Megan Yeager'],-2.823763907144894e-07,51.22323460965527,100.9674828585594,150.18799961312675,193.68547551824145,235.53720657512784,255.49864337011917,265.161457815596,266.06332049717383,266.06332049717383,266.06332049717383
21,22,Mixed Tandem Unlimited,"Vance Sherrod
Sam Binion

TC Sandy Sherrod
TC Shannon Merritt",216,0 days 02:59:00,0 days 07:19:00,0 days 11:15:00,0 days 16:14:00,0 days 23:42:00,1 days 06:16:00,1 days 07:55:00,1 days 16:22:00,2 days 00:30:00,2 days 06:25:00,3 days 00:43:00,Mixed Tandem Unlimited,['Vance Sherrod\nSam Binion\n\n'],['Sandy Sherrod\nTC Shannon Merritt'],-2.823763907144894e-07,54.693869634033234,105.65772383938305,154.37487857530792,199.89482674345766,236.83231371599535,255.08480562030263,263.7179759035565,266.06332049717383,266.06332049717383,266.06332049717383
22,23,Solo Unlimited Man,"Joel Truitt

TC Bill McCanse
TC Gwen Hills",15,0 days 02:57:00,0 days 07:06:00,0 days 10:55:00,0 days 15:57:00,0 days 23:12:00,1 days 05:47:00,1 days 07:37:00,1 days 21:55:00,2 days 05:22:00,2 days 10:24:00,3 days 00:45:00,Solo Unlimited Man,['Joel Truitt\n\n'],['Bill McCanse\nTC Gwen Hills'],-2.823763907144894e-07,56.29390752213381,107.66434696474755,156.53038166524115,185.6207690007652,218.39558281675855,252.02614658539534,263.0356947514961,266.06332049717383,266.06332049717383,266.06332049717383
23,24,Novice,"Trent Lowry
Bren Rose

TC Ryan Lowry
TC John Rose",777,0 days 03:36:00,0 days 08:37:00,0 days 13:16:00,0 days 19:36:00,1 days 04:25:00,1 days 12:00:00,1 days 13:52:00,2 days 00:20:00,2 days 08:28:00,2 days 14:40:00,3 days 00:58:00,Novice,['Trent Lowry\nBren Rose\n\n'],['Ryan Lowry\nTC John Rose'],-2.823763907144894e-07,46.76371026077705,88.6471412957824,130.62492354908076,170.881713359648,207.85885256660157,242.52516936321365,261.5128854032141,266.06332049717383,266.06332049717383,266.06332049717383
24,25,Mixed Tandem Unlimited,"Heather Harrison
Cameron Harrison

TC Veronica Sosa
TC Jake Aziz",333,0 days 03:04:00,0 days 07:38:00,0 days 11:42:00,0 days 17:08:00,1 days 00:45:00,1 days 07:48:00,1 days 09:35:00,1 days 19:18:00,2 days 03:09:00,2 days 08:34:00,3 days 01:11:00,Mixed Tandem Unlimited,['Heather Harrison\nCameron Harrison\n\n'],['Veronica Sosa\nTC Jake Aziz'],-2.823763907144894e-07,52.62767951695721,100.91143857532539,147.58117290594788,188.4778232681225,227.7724804015825,253.52894438873,263.03668859235364,266.06332049717383,266.06332049717383,266.06332049717383
25,26,Aluminum,"Mollie Binion
Pete Binion

TC Wade Binion
TC Megan Toliver",8,0 days 03:36:00,0 days 08:22:00,0 days 12:58:00,0 days 19:01:00,1 days 03:15:00,1 days 11:05:00,1 days 13:04:00,2 days 03:57:00,2 days 12:40:00,2 days 18:40:00,3 days 01:26:00,Aluminum,['Mollie Binion\nPete Binion\n\n'],['Wade Binion\nTC Megan Toliver'],-2.823763907144894e-07,47.95064868760015,91.39140946829946,135.1266154049506,170.6222095263646,196.51761322900978,229.92216305300872,258.0472305134767,266.06332049717383,266.06332049717383,266.06332049717383
26,27,Novice,"Ryan Hebrink
Michael Watson

TC Claire McCullen
TC Steve Watson",5755,0 days 03:34:00,0 days 08:53:00,0 days 14:17:00,0 days 21:06:00,1 days 05:40:00,1 days 13:18:00,1 days 14:56:00,2 days 02:35:00,2 days 11:23:00,2 days 18:40:00,3 days 01:29:00,Novice,['Ryan Hebrink\nMichael Watson\n\n'],['Claire McCullen\nTC Steve Watson'],-2.823763907144894e-07,44.89407254785987,82.81547738918373,125.4002130699926,166.555013454117,199.63741045907003,233.79393684331998,257.9901453425623,266.06332049717383,266.06332049717383,266.06332049717383
27,28,Tandem Unlimited,"West Hansen
Jeff Wueste

TC Barbara Edington
TC Lizet Alaniz",1901,0 days 02:45:00,0 days 06:56:00,0 days 10:47:00,0 days 15:53:00,0 days 23:13:00,1 days 06:15:00,1 days 07:47:00,1 days 16:30:00,2 days 00:11:00,2 days 05:53:00,3 days 01:35:00,Tandem Unlimited,['West Hansen\nJeff Wueste\n\n'],['Barbara Edington\nTC Lizet Alaniz'],-2.823763907144894e-07,57.0506490197641,107.76597964151934,154.5351137470965,199.3564525622625,238.00539873600806,255.16996870448432,263.1896141960349,266.06332049717383,266.06332049717383,266.06332049717383
28,29,Novice,"Craig Ahlhorn
Luis Briones

TC Sandra Ahlhorrn
TC Kevin Rumbaugh",482,0 days 03:27:00,0 days 08:37:00,0 days 13:12:00,0 days 20:02:00,1 days 05:13:00,1 days 13:36:00,1 days 15:20:00,2 days 01:52:00,2 days 09:57:00,2 days 18:53:00,3 days 01:36:00,Novice,['Craig Ahlhorn\nLuis Briones\n\n'],['Sandra Ahlhorrn\nTC Kevin Rumbaugh'],-2.823763907144894e-07,46.85290658826847,86.84065592372093,126.97504026553584,165.4655277637218,202.07366118696805,236.39966941777007,257.5955300516041,266.06332049717383,266.06332049717383,266.06332049717383
29,30,Unlimited,"Myla Weber
Jim Weber
Edoh Y Amiran
Bobby Smart
Luke Parker

TC Cayla Weber
TC Noel Shaver",34,0 days 02:42:00,0 days 06:46:00,0 days 10:31:00,0 days 15:35:00,0 days 22:33:00,1 days 05:08:00,1 days 06:48:00,1 days 17:31:00,2 days 01:25:00,2 days 07:29:00,3 days 01:52:00,Unlimited,['Myla Weber\nJim Weber\nEdoh Y Amiran\nBobby Smart\nLuke Parker\n\n'],['Cayla Weber\nTC Noel Shaver'],-2.823763907144894e-07,58.40463698931748,110.45626536966022,159.49034301220638,196.11273745105657,234.00061222847697,254.14625817036418,262.7402935021981,266.06332049717383,266.06332049717383,266.06332049717383
30,31,Tandem Unlimited,"Matt Taylor
Myles Sumerlin

TC John Chapman",7770,0 days 03:20:00,0 days 08:30:00,0 days 13:18:00,0 days 19:33:00,1 days 03:59:00,1 days 12:01:00,1 days 13:54:00,2 days 01:48:00,2 days 10:31:00,2 days 20:03:00,3 days 03:54:00,Tandem Unlimited,['Matt Taylor\nMyles Sumerlin\n\n'],['John Chapman'],-2.823763907144894e-07,47.07309323028558,88.94322914806811,131.9616465480189,169.82757605980302,202.27168766163388,235.0701987393312,254.18913711522578,266.06332049717383,266.06332049717383,266.06332049717383
31,32,Unlimited,"Debbie Richardson
Steve Daniel
John Murphy
James Green
Pam LeBlanc - out @ Cuero 72

TC Stephanie Martinez
TC Kim Jones",5,0 days 03:19:00,0 days 07:48:00,0 days 11:53:00,0 days 17:23:00,1 days 00:48:00,1 days 07:47:00,1 days 09:43:00,1 days 20:40:00,2 days 03:45:00,2 days 09:55:00,3 days 04:54:00,Unlimited,['Debbie Richardson\nSteve Daniel\nJohn Murphy\nJames Green\nPam LeBlanc - out @ Cuero 72\n\n'],['Stephanie Martinez\nTC Kim Jones'],-2.823763907144894e-07,51.73735954848131,100.03853564002361,147.5795661772501,185.1418320149287,224.6849067799278,251.99845356037702,260.3208600318544,266.06332049717383,266.06332049717383,266.06332049717383
32,33,Unlimited,"Shawn Melnar
Dylan Melnar
Mason Melnar
John Gutierrez

TC Sharon Melnar
TC Kaitlin Schererr",7,0 days 03:29:00,0 days 08:17:00,0 days 12:55:00,0 days 18:48:00,1 days 03:34:00,1 days 11:25:00,1 days 13:18:00,2 days 03:08:00,2 days 12:01:00,2 days 18:44:00,3 days 05:08:00,Unlimited,['Shawn Melnar\nDylan Melnar\nMason Melnar\nJohn Gutierrez\n\n'],['Sharon Melnar\nTC Kaitlin Schererr'],-2.823763907144894e-07,48.26873399648135,92.03793371479532,133.8266303189166,170.54868321946591,198.4096416609866,232.21279428636086,255.22703156663573,266.06332049717383,266.06332049717383,266.06332049717383
33,34,Unlimited Women,"Kim Kaiser
Katie Bee

TC Edward Rodriguez
TC Peter Oden",888,0 days 03:29:00,0 days 08:18:00,0 days 13:04:00,0 days 19:39:00,1 days 05:05:00,1 days 12:54:00,1 days 15:35:00,2 days 05:20:00,2 days 14:11:00,2 days 21:55:00,3 days 05:38:00,Unlimited Women,['Kim Kaiser\nKatie Bee\n\n'],['Edward Rodriguez\nTC Peter Oden'],-2.823763907144894e-07,47.98302984418608,88.34086097439943,127.72909773291815,164.19413330421807,192.22394603932372,224.69579081468714,250.43523120731118,266.06332049717383,266.06332049717383,266.06332049717383
34,35,Unlimited,"Joe Hunt
Stacy Greer
J Phil Phillips

TC Patty Hunt
TC Michelle Greer",1775,0 days 03:26:00,0 days 08:20:00,0 days 13:16:00,0 days 19:18:00,1 days 04:26:00,1 days 17:21:00,1 days 19:09:00,2 days 05:54:00,2 days 14:35:00,2 days 22:10:00,3 days 06:31:00,Unlimited,['Joe Hunt\nStacy Greer\nJ Phil Phillips\n\n'],['Patty Hunt\nTC Michelle Greer'],-2.823763907144894e-07,47.59538759389718,89.8059065872448,127.85628103671367,152.3527777431216,187.58490338897872,223.13605484021545,249.86914151346136,266.06332049717383,266.06332049717383,266.06332049717383
35,36,Solo Unlimited Man,"Paul Glisson

TC Emily Addlesperger
TC Ryan Lawler",1004,0 days 03:02:00,0 days 07:52:00,0 days 12:03:00,0 days 17:45:00,1 days 02:23:00,1 days 17:00:00,1 days 19:12:00,2 days 08:03:00,2 days 16:22:00,2 days 23:10:00,3 days 07:52:00,Solo Unlimited Man,['Paul Glisson\n\n'],['Emily Addlesperger\nTC Ryan Lawler'],-2.823763907144894e-07,51.14338245278974,96.62263212922156,131.84764579938434,153.49506307129556,183.4214578311688,216.14969007236937,247.17737523013096,266.06332049717383,266.06332049717383,266.06332049717383
36,37,Unlimited,"Gino Piamonte
Spiro Pappas
Christopher Artigues

TC Hayley Hadlock
TC Tyler Sevcik
",310,0 days 03:34:00,0 days 08:40:00,0 days 13:29:00,0 days 19:41:00,1 days 04:40:00,1 days 13:15:00,1 days 16:12:00,2 days 05:23:00,2 days 14:22:00,2 days 21:22:00,3 days 08:27:00,Unlimited,['Gino Piamonte\nSpiro Pappas\nChristopher Artigues\n\n'],['Hayley Hadlock\nTC Tyler Sevcik\n'],-2.823763907144894e-07,46.33754372859034,88.27223962633133,128.9336512316654,162.52680615945746,191.67616577569518,224.18161987531548,251.1674018284395,265.4218694540226,266.06332049717383,266.06332049717383
37,38,Aluminum,"Micah Wheeler
Omar Rivera

TC Gomer Gross
TC Paul Wheeler",76,0 days 03:33:00,0 days 08:45:00,0 days 13:59:00,0 days 20:44:00,1 days 05:25:00,1 days 13:47:00,1 days 15:57:00,2 days 05:01:00,2 days 15:35:00,2 days 22:56:00,3 days 08:46:00,Aluminum,['Micah Wheeler\nOmar Rivera\n\n'],['Gomer Gross\nTC Paul Wheeler'],-2.823763907144894e-07,45.555001969597065,84.17169768079671,126.22456386068225,163.1737027279241,192.66936026167687,221.85843647134183,247.97963854564043,264.83155732014956,266.06332049717383,266.06332049717383
38,39,USCA C-2,"Paul Pape
Mike Howard

TC Jennifer Keirnan
TC Amber Howard",1973,0 days 03:39:00,0 days 08:43:00,0 days 14:28:00,0 days 21:10:00,1 days 08:28:00,1 days 19:25:00,1 days 21:39:00,2 days 08:31:00,2 days 16:48:00,3 days 00:33:00,3 days 09:08:00,USCA C-2,['Paul Pape\nMike Howard\n\n'],['Jennifer Keirnan\nTC Amber Howard'],-2.823763907144894e-07,45.232093909195854,82.48726761951232,115.93036855313221,145.7869460612199,178.45444383490417,214.47861533540836,244.34393999938098,263.9772783417406,266.06332049717383,266.06332049717383
39,40,Novice,"Andrew Hurst
Garrett Hurst

TC Eden Hurst
TC Ralph Hurst",832,0 days 03:22:00,0 days 08:21:00,0 days 13:13:00,0 days 19:57:00,1 days 05:47:00,1 days 13:13:00,1 days 15:25:00,2 days 06:04:00,2 days 18:24:00,3 days 00:32:00,3 days 09:37:00,Novice,['Andrew Hurst\nGarrett Hurst\n\n'],['Eden Hurst\nTC Ralph Hurst'],-2.823763907144894e-07,47.62019061390431,87.15452827465354,124.94077683790057,164.56084871542822,190.86869343267756,216.33793684592806,242.8322236103002,263.2514414935401,266.06332049717383,266.06332049717383
40,41,Unlimited,"Mike Smith
Trab Seyn
John Moore

TC Irene Moore
TC Jill Ann Karp Mulder",963,0 days 03:01:00,0 days 07:41:00,0 days 13:43:00,0 days 22:02:00,1 days 07:12:00,1 days 16:51:00,1 days 18:49:00,2 days 05:56:00,2 days 14:18:00,2 days 20:41:00,3 days 11:58:00,Unlimited,['Mike Smith\nTrab Seyn\nJohn Moore\n\n'],['Irene Moore\nTC Jill Ann Karp Mulder'],-2.823763907144894e-07,48.5464827444297,80.67751632487429,119.16800445900734,152.87274655922135,187.9305239487141,223.8300818447704,251.6256847761475,261.9628941229444,266.06332049717383,266.06332049717383
41,42,Unlimited,"Timothy Odom
Clint Sutherland
Seth Hensarling

TC Kristi Odom
TC Katie Hensarling",789,0 days 03:35:00,0 days 09:09:00,0 days 14:29:00,0 days 21:15:00,1 days 06:58:00,1 days 17:50:00,1 days 20:07:00,2 days 11:39:00,2 days 22:42:00,3 days 04:36:00,3 days 12:09:00,Unlimited,['Timothy Odom\nClint Sutherland\nSeth Hensarling\n\n'],['Kristi Odom\nTC Katie Hensarling'],-2.823763907144894e-07,43.91669429285943,82.21462772939131,120.33232593642647,150.32154727235866,177.62383211869087,202.53971592219338,230.32540081270076,257.37926596523056,266.06332049717383,266.06332049717383
42,43,Mixed Tandem Unlimited,"Spencer Fuller
Janae Fuller

TC Tommy Duran
TC Myah Runyan",514,0 days 03:35:00,0 days 08:35:00,0 days 13:23:00,0 days 21:27:00,1 days 06:21:00,1 days 19:21:00,1 days 21:26:00,2 days 07:58:00,2 days 20:52:00,3 days 06:30:00,3 days 12:10:00,Mixed Tandem Unlimited,['Spencer Fuller\nJanae Fuller\n\n'],['Tommy Duran\nTC Myah Runyan'],-2.823763907144894e-07,46.715224870033175,82.34264331320685,122.5613808722514,147.50608305822877,179.73545220600067,211.1669197889721,234.38736582842253,254.44662813073663,266.06332049717383,266.06332049717383
43,44,Mixed Tandem Unlimited,"Phil Gumbert
Mary Jo Gumbert

TC Al Gumbert
TC Kevin Olds",233,0 days 03:09:00,0 days 07:48:00,0 days 12:06:00,0 days 17:23:00,1 days 01:24:00,1 days 09:07:00,1 days 10:50:00,2 days 00:10:00,2 days 20:21:00,3 days 04:57:00,3 days 13:17:00,Mixed Tandem Unlimited,['Phil Gumbert\nMary Jo Gumbert\n\n'],['Al Gumbert\nTC Kevin Olds'],-2.823763907144894e-07,51.17776009718051,99.06014326390829,142.88026993464157,177.96085903817882,204.3561104262041,219.56825665445052,235.72277819739,256.046943671137,266.06332049717383,266.06332049717383
44,45,Unlimited,"Robert Zurovec
Wesley Zurovec
Marshall Zurovec

TC Jamie Perrin
TC Jennyne Markus",8588,0 days 03:56:00,0 days 09:27:00,0 days 14:21:00,0 days 22:52:00,1 days 09:17:00,1 days 22:05:00,2 days 00:02:00,2 days 13:33:00,3 days 00:56:00,3 days 07:10:00,3 days 14:22:00,Unlimited,['Robert Zurovec\nWesley Zurovec\nMarshall Zurovec\n\n'],['Jamie Perrin\nTC Jennyne Markus'],-2.823763907144894e-07,42.94519124631302,78.30841850882965,112.33958947820625,140.6219434577203,168.63391508917135,197.14759635484603,224.3585978802107,252.09317230686952,266.06332049717383,266.06332049717383
45,46,Aluminum,"Daniel Driver
Sam Driver

TC Adam Reimer
TC Shauna Ertolacci",1515,0 days 03:55:00,0 days 09:18:00,0 days 14:46:00,0 days 23:24:00,1 days 10:47:00,1 days 19:27:00,1 days 22:00:00,2 days 11:49:00,2 days 20:51:00,3 days 03:22:00,3 days 14:27:00,Aluminum,['Daniel Driver\nSam Driver\n\n'],['Adam Reimer\nTC Shauna Ertolacci'],-2.823763907144894e-07,43.270960115018646,76.8364449183028,108.44890616327329,143.06413016987932,174.18405098137097,202.19034425701108,235.44584936511563,256.86918887867273,266.06332049717383,266.06332049717383
46,47,Novice,"Keith Campros
Cameron Fanning

TC Bonnie Blackburn
TC Callie Fanning",1337,0 days 03:52:00,0 days 09:22:00,0 days 15:19:00,1 days 00:37:00,1 days 12:59:00,1 days 23:40:00,2 days 02:03:00,2 days 17:07:00,3 days 03:35:00,3 days 09:06:00,3 days 19:15:00,Novice,['Keith Campros\nCameron Fanning\n\n'],['Bonnie Blackburn\nTC Callie Fanning'],-2.823763907144894e-07,42.82558674271847,74.19759490745052,103.09539264821507,132.95309373287455,162.8716841680504,188.478627680222,215.89210909843825,246.67664749462082,264.11766758850945,266.06332049717383
47,48,Tandem Unlimited,"James Ward
Rhett Stuman

TC Janet Ward
TC Penny Stuman",33,0 days 03:36:00,0 days 08:50:00,0 days 14:00:00,0 days 21:25:00,1 days 08:45:00,1 days 18:49:00,1 days 22:03:00,2 days 11:48:00,3 days 00:47:00,3 days 07:48:00,3 days 20:44:00,Tandem Unlimited,['James Ward\nRhett Stuman\n\n'],['Janet Ward\nTC Penny Stuman'],-2.823763907144894e-07,45.28606025715425,82.05304118309591,115.02784791089,146.80652484230075,174.09800047062208,202.0401799569924,225.68833025533183,250.50892869765977,262.7244196396865,266.06332049717383
48,49,Mixed Tandem Unlimited,"Cliff De La Cerda
Daniela De La Cerda

TC Kyla Grey
TC Adam Casares",13,0 days 03:53:00,0 days 09:20:00,0 days 15:16:00,0 days 23:40:00,1 days 10:40:00,1 days 22:24:00,2 days 00:55:00,2 days 16:19:00,3 days 02:24:00,3 days 08:37:00,3 days 21:35:00,Mixed Tandem Unlimited,['Cliff De La Cerda\nDaniela De La Cerda\n\n'],['Kyla Grey\nTC Adam Casares'],-2.823763907144894e-07,42.947554605353446,75.73851103302947,108.29930921200746,138.40090939169926,165.73744144588312,190.76405995937031,218.87264669510435,248.47966942954318,261.69735539698587,266.06332049717383
49,50,USCA C-2,"Clara Fuller
Thomas Fuller

TC Cheeyen Fuller
TC Bob Fuller",8290,0 days 04:04:00,0 days 09:50:00,0 days 15:28:00,1 days 01:20:00,1 days 12:59:00,2 days 01:30:00,2 days 04:03:00,2 days 17:45:00,3 days 03:35:00,3 days 10:10:00,3 days 21:49:00,USCA C-2,['Clara Fuller\nThomas Fuller\n\n'],['Cheeyen Fuller\nTC Bob Fuller'],-2.823763907144894e-07,41.241321253154794,73.06264201615728,101.80827752962671,131.64443103005414,157.1042008066766,185.39125294103079,214.83723620530142,244.34247048365015,260.88749407284877,266.06332049717383
50,51,Aluminum,"Blair Severson
Regan Gilbert

TC Kasey Gilbert
TC Sergio Vega",1013,0 days 04:02:00,0 days 09:45:00,0 days 16:06:00,1 days 00:47:00,1 days 12:03:00,2 days 00:26:00,2 days 03:02:00,2 days 17:44:00,3 days 03:13:00,3 days 10:18:00,3 days 21:52:00,Aluminum,['Blair Severson\nRegan Gilbert\n\n'],['Kasey Gilbert\nTC Sergio Vega'],-2.823763907144894e-07,41.4430067437951,72.79711481933494,104.12203151104947,134.1113499231662,160.0985448390396,186.5353559264168,215.3809507679443,244.42178975627323,260.7819101578968,266.06332049717383
51,52,Aluminum,"Justin McKinney
Anthony Krenz

TC Molly Krenz",303,0 days 03:53:00,0 days 09:31:00,0 days 15:20:00,0 days 23:55:00,1 days 10:05:00,1 days 21:04:00,1 days 23:50:00,2 days 13:27:00,3 days 01:24:00,3 days 08:45:00,3 days 21:59:00,Aluminum,['Justin McKinney\nAnthony Krenz\n\n'],['Molly Krenz'],-2.823763907144894e-07,42.34430890323699,75.22915584373035,109.13680689819242,141.06351085809794,169.15881810781977,197.46309657350173,223.534765438414,248.42847396822913,261.30779192439456,266.06332049717383
52,53,Aluminum,"Alex Daresh
Jose Ramirez

TC Jacob Hannusch",8004,0 days 03:48:00,0 days 09:44:00,0 days 15:31:00,1 days 00:51:00,1 days 10:18:00,1 days 22:47:00,2 days 00:51:00,2 days 13:42:00,3 days 02:27:00,3 days 08:30:00,3 days 22:56:00,Aluminum,['Alex Daresh\nJose Ramirez\n\n'],['Jacob Hannusch'],-2.823763907144894e-07,41.58192810830326,73.6001606532063,107.15868790837374,138.46619671299774,166.47541832254217,196.46840860329723,221.55438628226395,248.77749324875452,260.66330239205496,266.06332049717383
53,54,Novice,"Benjamin West
Stevens Herbst

TC Stephen Hight
TC Duane Herbst",1996,0 days 03:56:00,0 days 09:29:00,0 days 14:57:00,1 days 00:34:00,1 days 11:14:00,1 days 23:10:00,2 days 01:47:00,2 days 16:12:00,3 days 02:57:00,3 days 10:31:00,3 days 23:07:00,Novice,['Benjamin West\nStevens Herbst\n\n'],['Stephen Hight\nTC Duane Herbst'],-2.823763907144894e-07,42.57966318497011,74.7517828390003,105.83967744284845,136.65734314250332,163.60545322943454,190.33908965309024,218.1326545755151,244.27975711958746,259.6477101839002,266.06332049717383
54,55,Unlimited Women,"Megan Lowry
Brandy Kalkbrenner

TC Chris Kalkbrenner
TC Kelly Campbell",8008,0 days 04:02:00,0 days 09:45:00,0 days 16:56:00,1 days 02:32:00,1 days 13:58:00,2 days 01:45:00,2 days 04:09:00,2 days 16:37:00,3 days 04:41:00,3 days 12:30:00,4 days 00:52:00,Unlimited Women,['Megan Lowry\nBrandy Kalkbrenner\n\n'],['Chris Kalkbrenner\nTC Kelly Campbell'],-2.823763907144894e-07,41.348860108290154,69.4612533547896,98.2006642836304,129.47852428394708,156.42714017783757,187.29468362818687,215.26490717574308,239.90547296534078,257.2909956093543,266.06332049717383
55,56,Novice,"John Sangree
John Herrmann

TC Scott Guptill
TC Michael Bednara
",1804,0 days 04:49:00,0 days 10:42:00,0 days 17:56:00,1 days 04:24:00,1 days 14:47:00,2 days 03:49:00,2 days 06:20:00,2 days 18:53:00,3 days 08:01:00,3 days 16:15:00,4 days 01:00:00,Novice,['John Sangree\nJohn Herrmann\n\n'],['Scott Guptill\nTC Michael Bednara\n'],-2.823763907144894e-07,37.81635145792814,66.32343716877907,92.6756408955034,126.97222481606234,151.24944341896023,180.42853181563635,208.85337811517536,232.231435326351,253.42435920249014,266.06332049717383
56,57,Tandem Unlimited,"Lee Lichlyter
Bruce Beall

TC RoxAnne Lichlyter
TC Jennifer Beall",6,0 days 03:34:00,0 days 08:44:00,0 days 13:55:00,0 days 20:45:00,1 days 06:34:00,1 days 18:23:00,1 days 21:09:00,2 days 13:15:00,3 days 02:19:00,3 days 12:20:00,4 days 01:11:00,Tandem Unlimited,['Lee Lichlyter\nBruce Beall\n\n'],['RoxAnne Lichlyter\nTC Jennifer Beall'],-2.823763907144894e-07,45.66877635937874,84.14304084533873,121.87965005789192,149.27798945413392,174.63639920281656,198.5749038678913,222.1273833376399,242.48009769382162,257.2316208895074,266.06332049717383
57,58,Solo Unlimited Woman,"Martha Adame

TC Adam Adame
TC Jessica Ortiz",388,0 days 03:59:00,0 days 09:23:00,0 days 14:54:00,0 days 22:58:00,1 days 08:58:00,1 days 22:34:00,2 days 00:38:00,2 days 13:42:00,3 days 03:24:00,3 days 13:00:00,4 days 01:13:00,Solo Unlimited Woman,['Martha Adame\n\n'],['Adam Adame\nTC Jessica Ortiz'],-2.823763907144894e-07,42.93565926951859,77.50658629925144,113.02629340517579,140.38201625824635,167.05729763653488,196.55295517028765,220.16841468630216,240.8926292310156,256.73066319738183,266.06332049717383
58,59,Unlimited,"Mike Buck - out @ Palmetto
Kent Fish
Dennis Hall

TC Kim Buck
TC Robin Buck",6962,0 days 03:51:00,0 days 10:07:00,0 days 21:16:00,1 days 04:13:00,1 days 15:07:00,2 days 03:51:00,2 days 06:30:00,2 days 23:04:00,3 days 08:05:00,3 days 15:00:00,4 days 01:19:00,Unlimited,['Mike Buck - out @ Palmetto\nKent Fish\nDennis Hall\n\n'],['Kim Buck\nTC Robin Buck'],-2.823763907144894e-07,40.190977690512625,58.90296948336437,93.02821141869738,126.21350877394822,151.06270373136465,175.82152376475653,199.08570435475872,231.9866355220972,254.85874859013398,266.06332049717383
59,60,Novice,"Marco Lozano
Alex Szczepaniak

TC Norma Lozano
TC Roy Lozano",22,0 days 04:05:00,0 days 10:09:00,0 days 16:28:00,1 days 03:18:00,1 days 16:44:00,2 days 03:23:00,2 days 06:08:00,2 days 22:54:00,3 days 08:44:00,3 days 17:50:00,4 days 01:23:00,Novice,['Marco Lozano\nAlex Szczepaniak\n\n'],['Norma Lozano\nTC Roy Lozano'],-2.823763907144894e-07,40.046454336441926,69.63382886919575,94.413376970593,121.995786519149,151.54990091053756,176.5117407064493,199.49841616018904,229.9806699425338,250.61337608893743,266.06332049717383
60,61,Tandem Unlimited,"Benjamin Duckett
Jay Fox

TC Constance Harris
TC Emily Duckett",728,0 days 03:35:00,0 days 09:02:00,0 days 14:16:00,0 days 21:10:00,1 days 07:12:00,1 days 17:35:00,1 days 19:55:00,2 days 08:50:00,2 days 20:51:00,3 days 04:45:00,4 days 01:38:00,Tandem Unlimited,['Benjamin Duckett\nJay Fox\n\n'],['Constance Harris\nTC Emily Duckett'],-2.823763907144894e-07,44.43899974552335,82.61708961293176,119.58698384251652,150.83488620563145,181.1777886550052,209.65820799507836,234.88981054520724,252.72331545948893,260.28853570770343,266.06332049717383
61,62,Solo Unlimited Man,"Nate Jacobson

TC Charity Jacobson
TC Lisa Jacobson",512,0 days 03:51:00,0 days 09:20:00,0 days 14:42:00,0 days 21:25:00,1 days 08:47:00,1 days 20:35:00,1 days 22:55:00,2 days 13:27:00,3 days 05:33:00,3 days 14:43:00,4 days 01:44:00,Solo Unlimited Man,['Nate Jacobson\n\n'],['Charity Jacobson\nTC Lisa Jacobson'],-2.823763907144894e-07,43.19211088866641,81.54100748881737,114.94555547241961,143.36974862957615,171.20292583302196,197.72195737712997,217.87232281588842,237.07976304266555,254.97315778776908,266.06332049717383
62,63,Novice,"Peter Pham
Tony Kusbel

TC Joe Pham",2344,0 days 03:53:00,0 days 09:25:00,0 days 15:07:00,0 days 23:37:00,1 days 11:34:00,1 days 23:31:00,2 days 02:00:00,2 days 21:38:00,3 days 08:15:00,3 days 16:49:00,4 days 01:46:00,Novice,['Peter Pham\nTony Kusbel\n\n'],['Joe Pham'],-2.823763907144894e-07,42.74100255354603,76.02190324958893,106.75839664543533,135.75711300093383,163.02622444025533,182.65661111806702,202.62760941521438,231.5474038930894,252.353460247354,266.06332049717383
63,64,Solo Unlimited Woman,"Cynthia Amodio

TC Charlie Stewart
TC David Amodio",6774,0 days 03:54:00,0 days 08:46:00,0 days 13:46:00,0 days 21:46:00,1 days 07:01:00,1 days 16:10:00,1 days 19:28:00,2 days 08:33:00,3 days 01:25:00,3 days 07:20:00,4 days 01:48:00,Solo Unlimited Woman,['Cynthia Amodio\n\n'],['Charlie Stewart\nTC David Amodio'],-2.823763907144894e-07,45.71605640820849,81.28597371290486,119.94607388645059,155.0834603859953,182.27217229276738,207.8474132291187,226.05088070185232,250.83496911774898,259.3902227016955,266.06332049717383
64,65,Aluminum,"Ross Conner
Jack Conner

TC Troy Austin
TC Josh Dacus",817,0 days 04:13:00,0 days 10:44:00,0 days 17:07:00,1 days 02:07:00,1 days 13:59:00,2 days 02:12:00,2 days 04:39:00,2 days 22:21:00,3 days 08:12:00,3 days 14:25:00,4 days 02:02:00,Aluminum,['Ross Conner\nJack Conner\n\n'],['Troy Austin\nTC Josh Dacus'],-2.823763907144894e-07,37.96891807869021,69.48506950858238,99.09141044772568,129.2416865905529,155.14180248068405,179.03053488964298,200.80510692962622,231.64698389607162,255.13796299351972,266.06332049717383
65,66,Aluminum,"Daniel Lee
Tim Jones

TC Ivory Jones
TC Jack Lee",700,0 days 03:52:00,0 days 09:41:00,0 days 15:35:00,1 days 01:39:00,1 days 12:20:00,2 days 02:52:00,2 days 05:00:00,2 days 20:01:00,3 days 08:36:00,3 days 18:45:00,4 days 02:47:00,Aluminum,['Daniel Lee\nTim Jones\n\n'],['Ivory Jones\nTC Jack Lee'],-2.823763907144894e-07,41.73782187981085,72.52975184511102,102.0529729007812,132.00139542205716,153.77293779300456,180.9920589069851,206.4065264009293,230.8064059802755,248.934996702185,266.06332049717383
66,67,Novice,"Collin Koonce
Ian Magee

TC Laurinda Magee
TC Harold Magee",6288,0 days 04:26:00,0 days 10:20:00,0 days 19:53:00,1 days 05:35:00,1 days 18:50:00,2 days 04:48:00,2 days 07:23:00,2 days 22:55:00,3 days 11:13:00,3 days 20:10:00,4 days 03:26:00,Novice,['Collin Koonce\nIan Magee\n\n'],['Laurinda Magee\nTC Harold Magee'],-2.823763907144894e-07,39.29472036667538,61.55404476822796,88.131295265446,116.09534821656062,146.7706078331179,174.4810044032203,199.2928021569351,224.2409758713316,245.90847620453286,266.06332049717383
67,68,Novice,"Robert Kliment
Mike Schrader

TC Bryan Bledsoe
TC Todd Mullen",3003,0 days 04:37:00,0 days 10:40:00,0 days 21:34:00,1 days 16:57:00,1 days 19:51:00,2 days 04:14:00,2 days 06:55:00,2 days 22:38:00,3 days 09:43:00,3 days 20:30:00,4 days 03:31:00,Novice,['Robert Kliment\nMike Schrader\n\n'],['Bryan Bledsoe\nTC Todd Mullen'],-2.823763907144894e-07,38.02426273367777,58.281924256906535,72.4356104120831,85.70548801975414,147.2305099576634,175.49176284511742,200.01413347763295,227.51486834027975,246.09285223497466,266.06332049717383
68,69,Solo Unlimited Man,"Donovann Fite

TC Woody Welch
TC Natalie George",69,0 days 04:25:00,0 days 10:20:00,0 days 20:33:00,1 days 03:55:00,1 days 19:42:00,2 days 04:44:00,2 days 07:12:00,2 days 22:59:00,3 days 11:13:00,3 days 20:00:00,4 days 03:33:00,Solo Unlimited Man,['Donovann Fite\n\n'],['Woody Welch\nTC Natalie George'],-2.823763907144894e-07,39.29848583816571,60.13499648034616,91.85688274942942,115.33251326277274,146.08568200825158,174.74724433793415,199.16603579143168,224.19721879839588,246.1672632529104,266.06332049717383
69,70,Novice,"Cody Hardin
Chris Withers

TC Cody Fowler
",4,0 days 04:36:00,0 days 10:39:00,0 days 20:29:00,1 days 05:08:00,1 days 20:25:00,2 days 05:24:00,2 days 08:10:00,2 days 23:03:00,3 days 11:20:00,3 days 20:10:00,4 days 03:39:00,Novice,['Cody Hardin\nChris Withers\n\n'],['Cody Fowler\n'],-2.823763907144894e-07,38.089442733979396,60.23148824718626,89.06724225762116,113.31088685537048,143.68424472030765,172.95279585960267,198.84819956224786,223.9384633943821,245.85094224468378,266.06332049717383
70,71,Solo Unlimited Woman,"Erin Magee

TC Clara Snyder
TC Rob Nichols",497,0 days 03:54:00,0 days 08:55:00,0 days 13:47:00,0 days 19:50:00,1 days 04:12:00,1 days 13:00:00,1 days 15:28:00,2 days 04:55:00,2 days 15:59:00,3 days 04:50:00,4 days 03:59:00,Solo Unlimited Woman,['Erin Magee\n\n'],['Clara Snyder\nTC Rob Nichols'],-2.823763907144894e-07,45.22002144706083,87.70422141559499,130.49058233025505,164.5544918012772,193.20950482043727,221.21910289485774,240.69570804775438,252.42570837305058,259.2502015127286,266.06332049717383
71,DNF,Unlimited Man,"Colton Moore

TC Felecity Mayden
TC Dylan Mumma",45,0 days 03:55:00,0 days 09:50:00,0 days 14:01:00,0 days 20:52:00,1 days 07:11:00,1 days 16:35:00,1 days 18:55:00,2 days 08:31:00,2 days 17:43:00,3 days 02:54:00,,Solo Unlimited Man,['Colton Moore\n\n'],['Felecity Mayden\nTC Dylan Mumma'],-2.823763907144894e-07,41.452706472855496,83.71183150926507,119.76854779442849,153.69624843571683,183.09965803961487,213.192153539863,240.66334716122907,250.26461887881922,250.26461887881922,250.26461887881922
72,DNF,,"Hoyt Moss
Jay Jackson

TC Charlie Chapman
TC Wade Parsons",1620,0 days 03:28:00,0 days 08:19:00,0 days 13:04:00,0 days 19:28:00,1 days 04:09:00,1 days 12:43:00,1 days 13:50:00,2 days 00:08:00,2 days 08:27:00,2 days 14:13:00,,,['Hoyt Moss\nJay Jackson\n\n'],['Charlie Chapman\nTC Wade Parsons'],-2.823763907144894e-07,47.93649773733662,89.24189576892677,130.85154171862658,171.1335529619384,208.45851226575346,243.34776547863677,250.26461887881922,250.26461887881922,250.26461887881922,250.26461887881922
73,DNF,,"Ryan Stewart
Marsh Alkire

TC Tabette Stewart
TC Ashton Alkire",1927,0 days 03:31:00,0 days 08:42:00,0 days 13:54:00,0 days 21:37:00,1 days 07:05:00,1 days 18:02:00,1 days 20:28:00,2 days 08:58:00,2 days 19:05:00,3 days 02:25:00,,,['Ryan Stewart\nMarsh Alkire\n\n'],['Tabette Stewart\nTC Ashton Alkire'],-2.823763907144894e-07,45.784767133376945,81.5774001045096,119.77834855902182,149.78424984264987,180.087037125023,210.77311330741762,239.42719084972268,250.26461887881922,250.26461887881922,250.26461887881922
74,DNF,,"Daryl Ezell
Avery Ezell
Leonard Garner - out @ Hochheim

TC Lee Ezell
TC Joe Fore",2727,0 days 04:49:00,0 days 11:00:00,0 days 18:11:00,1 days 02:02:00,1 days 13:32:00,2 days 01:24:00,2 days 03:55:00,2 days 21:28:00,3 days 09:38:00,3 days 19:32:00,,,['Daryl Ezell\nAvery Ezell\nLeonard Garner - out @ Hochheim\n\n'],['Lee Ezell\nTC Joe Fore'],-2.823763907144894e-07,36.80499264717315,67.19720179200462,99.74650914340172,130.59562242402293,157.416037295862,180.77777369735276,202.91310985202335,228.14860174573076,247.47763529062388,250.26461887881922
75,DNF,C-1 Man,"Richard Zambrana

TC Tina Sacket",17,0 days 03:24:00,0 days 08:23:00,0 days 13:23:00,0 days 19:06:00,1 days 04:01:00,1 days 12:03:00,1 days 14:12:00,2 days 02:36:00,2 days 14:45:00,,,USCA C-1 Man,['Richard Zambrana\n\n'],['Tina Sacket'],-2.823763907144894e-07,47.29640308708307,90.7059917918329,131.83035481255925,168.62088464343165,199.7023302166335,225.3211189228528,232.2703987550363,232.2703987550363,232.2703987550363,232.2703987550363
76,DNF,,"Kaarin Gerber
Kristin Gonzalez

TC Craig Dilley
TC Josh London",666,0 days 04:13:00,0 days 10:32:00,0 days 17:32:00,1 days 05:15:00,1 days 19:44:00,2 days 05:37:00,2 days 07:39:00,2 days 22:15:00,3 days 10:09:00,,,,['Kaarin Gerber\nKristin Gonzalez\n\n'],['Craig Dilley\nTC Josh London'],-2.823763907144894e-07,38.63375592911031,66.65972157969153,88.88483370802973,114.46759791532102,144.08111358544522,174.5093283732588,200.90726844912888,226.72318523582427,232.2703987550363,232.2703987550363
77,DNF,,"Seth Fry
Bryan Moczygemba

TC David Lee
TC Keith Olenick",1099,0 days 05:00:00,0 days 10:53:00,0 days 19:14:00,1 days 03:16:00,1 days 17:32:00,2 days 04:26:00,2 days 07:29:00,2 days 21:07:00,3 days 10:37:00,,,,['Seth Fry\nBryan Moczygemba\n\n'],['David Lee\nTC Keith Olenick'],-2.823763907144894e-07,37.07906040635774,63.69942411459028,94.06494497458243,120.03623247006857,148.59614882924595,175.79469506423914,203.57619057523866,226.31928820783918,232.2703987550363,232.2703987550363
78,DNF,Unlimited Man,"Justin Brzozowske

TC Carol Brzozowske",1966,0 days 03:39:00,0 days 08:47:00,0 days 14:09:00,0 days 21:34:00,1 days 08:45:00,1 days 18:45:00,1 days 21:58:00,2 days 11:45:00,,,,Solo Unlimited Man,['Justin Brzozowske\n\n'],['Carol Brzozowske'],-2.823763907144894e-07,45.304645606578696,81.53283216092554,114.90725798871955,146.95844503089802,174.3042415957649,201.5672169510256,201.5672169510256,201.5672169510256,201.5672169510256,201.5672169510256
79,DNF,,"Clint Simmons
Kenney Howitt
Chris Buxton

TC Rachel Simmons
TC Jennifer Howitt",727,0 days 03:19:00,0 days 09:29:00,0 days 16:35:00,1 days 02:29:00,1 days 14:02:00,1 days 23:20:00,2 days 03:31:00,,,,,,['Clint Simmons\nKenney Howitt\nChris Buxton\n\n'],['Rachel Simmons\nTC Jennifer Howitt'],-2.823763907144894e-07,42.13148561913839,70.12161034631669,98.24758397373523,130.7096692641823,160.35553046654638,163.02622444025533,163.02622444025533,163.02622444025533,163.02622444025533,163.02622444025533
80,DNF,C-1 Man,"Tyler Payne

TC Alan Payne
TC Jody Allen
",871,0 days 04:04:00,0 days 09:45:00,0 days 16:53:00,1 days 01:50:00,1 days 13:53:00,2 days 04:21:00,2 days 15:00:00,,,,,USCA C-1 Man,['Tyler Payne\n\n'],['Alan Payne\nTC Jody Allen\n'],-2.823763907144894e-07,41.35388859447624,70.20168294058189,99.77814926946314,128.64804280526008,150.51991486455287,160.95117665384163,163.02622444025533,163.02622444025533,163.02622444025533,163.02622444025533
81,DNF,,"Liia Dotcenko-Lewey
Graham Daly

TC Julie Lewey
TC Jeff Carter",1105,0 days 03:41:00,0 days 09:13:00,0 days 17:53:00,1 days 03:59:00,1 days 19:27:00,2 days 04:18:00,2 days 07:26:00,,,,,,['Liia Dotcenko-Lewey\nGraham Daly\n\n'],['Julie Lewey\nTC Jeff Carter'],-2.823763907144894e-07,42.49458048588721,66.63514837254735,91.79730827759867,115.75358208809018,147.43663994365198,163.02622444025533,163.02622444025533,163.02622444025533,163.02622444025533,163.02622444025533
82,DNF,Unlimited,"Dylan McHardy
Ryan Milby

TC Laura Milby",1111,0 days 02:50:00,0 days 07:15:00,0 days 11:12:00,0 days 16:19:00,0 days 23:42:00,1 days 06:16:00,1 days 07:55:00,,,,,Unlimited,['Dylan McHardy\nRyan Milby\n\n'],['Laura Milby'],-2.823763907144894e-07,54.98243698978793,105.45049164171571,154.37487857530792,163.02622444025533,163.02622444025533,163.02622444025533,163.02622444025533,163.02622444025533,163.02622444025533,163.02622444025533
83,DNF,,"Jared O'Brien
Chris Davis

TC Jami O'Brien
TC Ana Davis",1984,0 days 03:50:00,0 days 09:04:00,0 days 14:41:00,0 days 22:14:00,1 days 07:30:00,1 days 20:03:00,1 days 22:22:00,,,,,,"[""Jared O'Brien\nChris Davis\n\n""]","[""Jami O'Brien\nTC Ana Davis""]",-2.823763907144894e-07,44.05680453455587,79.35757500861729,118.02081073540685,145.4488646872997,163.02622444025533,163.02622444025533,163.02622444025533,163.02622444025533,163.02622444025533,163.02622444025533
84,DNF,Unlimited Man,"Jay Berger

TC Patty Berger
TC Victor Berger",712,0 days 03:15:00,0 days 07:49:00,0 days 12:13:00,0 days 17:51:00,1 days 03:00:00,1 days 11:07:00,,,,,,Solo Unlimited Man,['Jay Berger\n\n'],['Patty Berger\nTC Victor Berger'],-2.823763907144894e-07,50.85999115150185,95.67242102029576,135.71343594539937,155.65980479848668,155.65980479848668,155.65980479848668,155.65980479848668,155.65980479848668,155.65980479848668,155.65980479848668
85,DNF,Unlimited Man,"Michael Carson

TC Lori Musico
TC Dustin Ryktarsyk
",1213,0 days 04:17:00,0 days 10:15:00,0 days 17:31:00,1 days 01:31:00,1 days 12:37:00,2 days 01:30:00,,,,,,Solo Unlimited Man,['Michael Carson\n\n'],['Lori Musico\nTC Dustin Ryktarsyk\n'],-2.823763907144894e-07,39.64010771322204,69.22904585530999,101.93172334909104,132.32792161596035,155.65980479848668,155.65980479848668,155.65980479848668,155.65980479848668,155.65980479848668,155.65980479848668
86,DNF,,"Sean Leahy
Egan Gyldenege

TC Bruce Abbitt
TC Olivia Palomares",1450,0 days 03:32:00,0 days 08:47:00,0 days 14:12:00,0 days 20:45:00,1 days 05:40:00,1 days 14:45:00,,,,,,,['Sean Leahy\nEgan Gyldenege\n\n'],['Bruce Abbitt\nTC Olivia Palomares'],-2.823763907144894e-07,45.26150853401713,84.02092264100934,125.17964547916029,155.65980479848668,155.65980479848668,155.65980479848668,155.65980479848668,155.65980479848668,155.65980479848668,155.65980479848668
87,DNF,,"Gena McKinley
Ellen Gass

TC Lisa Barden
TC Reid Fisher",40,0 days 04:09:00,0 days 10:00:00,0 days 18:25:00,1 days 01:55:00,1 days 12:37:00,,,,,,,,['Gena McKinley\nEllen Gass\n\n'],['Lisa Barden\nTC Reid Fisher'],-2.823763907144894e-07,40.631462745742425,66.67476336103434,101.10604958446979,124.01849655270976,124.01849655270976,124.01849655270976,124.01849655270976,124.01849655270976,124.01849655270976,124.01849655270976
88,DNF,Unlimited Man,"Michael Tecci

TC Jessie Hazelwood",387,0 days 02:54:00,0 days 07:08:00,0 days 11:03:00,0 days 16:32:00,1 days 00:26:00,,,,,,,Solo Unlimited Man,['Michael Tecci\n\n'],['Jessie Hazelwood'],-2.823763907144894e-07,55.71858367634902,103.22539431089469,124.01849655270976,124.01849655270976,124.01849655270976,124.01849655270976,124.01849655270976,124.01849655270976,124.01849655270976,124.01849655270976
89,DNF,Unlimited Man,"Daniel Baumbach

TC Clay Garner
TC Melanie Garner",71,0 days 02:56:00,0 days 07:17:00,0 days 11:23:00,0 days 18:27:00,1 days 03:22:00,,,,,,,Solo Unlimited Man,['Daniel Baumbach\n\n'],['Clay Garner\nTC Melanie Garner'],-2.823763907144894e-07,54.28981421215587,93.40700569136345,124.01849655270976,124.01849655270976,124.01849655270976,124.01849655270976,124.01849655270976,124.01849655270976,124.01849655270976,124.01849655270976
90,DNF,Unlimited Man,"Chuck Scheidt

TC Stacey Scheidt
TC Pam Lagrone",1000,0 days 02:55:00,0 days 07:09:00,0 days 11:24:00,0 days 17:29:00,1 days 05:35:00,,,,,,,Solo Unlimited Man,['Chuck Scheidt\n\n'],['Stacey Scheidt\nTC Pam Lagrone'],-2.823763907144894e-07,54.45444392669149,94.6726110952298,124.01849655270976,124.01849655270976,124.01849655270976,124.01849655270976,124.01849655270976,124.01849655270976,124.01849655270976,124.01849655270976
91,DNF,Unlimited Woman,"Kileigh Reed

TC Ashley Spradin
TC Jacob Barnes",8666,0 days 04:20:00,0 days 10:30:00,0 days 22:34:00,1 days 07:28:00,1 days 22:16:00,,,,,,,Unlimited Woman,['Kileigh Reed\n\n'],['Ashley Spradin\nTC Jacob Barnes'],-2.823763907144894e-07,38.71305679091918,56.860100872547264,82.72738621183531,108.3296551335146,124.01849655270976,124.01849655270976,124.01849655270976,124.01849655270976,124.01849655270976,124.01849655270976
92,DNF,,"Drew Heffner
Morgan McGee
Kyle Turner - out @ Palmetto
Jason Schulte - out @ Gonzales

TC Jordan Webster
TC Bob Mrdjenovich",1776,0 days 04:28:00,0 days 10:51:00,0 days 17:41:00,1 days 05:23:00,1 days 21:10:00,,,,,,,,['Drew Heffner\nMorgan McGee\nKyle Turner - out @ Palmetto\nJason Schulte - out @ Gonzales\n\n'],['Jordan Webster\nTC Bob Mrdjenovich'],-2.823763907144894e-07,37.480869154139754,66.33767318427499,88.41379027413906,111.88942078748238,124.01849655270976,124.01849655270976,124.01849655270976,124.01849655270976,124.01849655270976,124.01849655270976
93,DNF,,"Cody Taylor
Scott Frazier
Paul Rabuse

TC Chad Barnhill
TC Michelle Frazier",2022,0 days 03:26:00,0 days 08:41:00,0 days 13:47:00,0 days 20:13:00,1 days 05:25:00,,,,,,,,['Cody Taylor\nScott Frazier\nPaul Rabuse\n\n'],['Chad Barnhill\nTC Michelle Frazier'],-2.823763907144894e-07,45.95317577349572,86.09986007318074,124.01849655270976,124.01849655270976,124.01849655270976,124.01849655270976,124.01849655270976,124.01849655270976,124.01849655270976,124.01849655270976
94,DNF,Unlimited Man,"Jon Schoepflin

TC Shannon Schoepflin
TC Linden Welsch",1,0 days 03:53:00,0 days 10:09:00,0 days 17:15:00,1 days 02:01:00,,,,,,,,Solo Unlimited Man,['Jon Schoepflin\n\n'],['Shannon Schoepflin\nTC Linden Welsch'],-2.823763907144894e-07,40.06512481758982,69.31319475611585,86.96612639248289,86.96612639248289,86.96612639248289,86.96612639248289,86.96612639248289,86.96612639248289,86.96612639248289,86.96612639248289
95,DNF,Unlimited Man,"Jeff Larsen

TC Keith Stone
TC Ron Green",101,0 days 03:40:00,0 days 09:29:00,0 days 16:12:00,1 days 02:31:00,,,,,,,,Solo Unlimited Man,['Jeff Larsen\n\n'],['Keith Stone\nTC Ron Green'],-2.823763907144894e-07,42.21709486501459,70.7188155304229,86.96612639248289,86.96612639248289,86.96612639248289,86.96612639248289,86.96612639248289,86.96612639248289,86.96612639248289,86.96612639248289
96,DNF,Unlimited Man,"Adam Higdon

TC Josh Sarkardehi",420,0 days 04:00:00,0 days 09:50:00,0 days 17:31:00,1 days 02:42:00,,,,,,,,Solo Unlimited Man,['Adam Higdon\n\n'],['Josh Sarkardehi'],-2.823763907144894e-07,41.078604124279046,68.20020746204122,86.96612639248289,86.96612639248289,86.96612639248289,86.96612639248289,86.96612639248289,86.96612639248289,86.96612639248289,86.96612639248289
97,DNF,,"Dakota Maddux
Brendon Hale

TC William Maddux",2121,0 days 04:18:00,0 days 10:40:00,0 days 19:37:00,1 days 04:52:00,,,,,,,,,['Dakota Maddux\nBrendon Hale\n\n'],['William Maddux'],-2.823763907144894e-07,38.15394022118885,62.31061409846547,86.96612639248289,86.96612639248289,86.96612639248289,86.96612639248289,86.96612639248289,86.96612639248289,86.96612639248289,86.96612639248289
98,DNF,,"Alberto Nava
Jose Clarke 
George Clarke

TC Dolly Hellinger",5000,0 days 04:43:00,0 days 10:58:00,0 days 19:41:00,1 days 04:45:00,,,,,,,,,['Alberto Nava\nJose Clarke \nGeorge Clarke\n\n'],['Dolly Hellinger'],-2.823763907144894e-07,36.971996808808484,62.1430396268464,86.96612639248289,86.96612639248289,86.96612639248289,86.96612639248289,86.96612639248289,86.96612639248289,86.96612639248289,86.96612639248289
99,DNF,,"Matthew Hughes
Tony Islas

TC Chris Smith
TC Chad Kudela",6304,0 days 04:19:00,0 days 10:37:00,0 days 17:34:00,1 days 02:50:00,,,,,,,,,['Matthew Hughes\nTony Islas\n\n'],['Chris Smith\nTC Chad Kudela'],-2.823763907144894e-07,38.31550352867627,67.99887297621854,86.96612639248289,86.96612639248289,86.96612639248289,86.96612639248289,86.96612639248289,86.96612639248289,86.96612639248289,86.96612639248289
100,DNF,Unlimited Man,"BJ Dobbs

TC Crystal Dobbs
TC Anna Brock",6988,0 days 03:54:00,0 days 09:45:00,0 days 19:20:00,1 days 02:40:00,,,,,,,,Solo Unlimited Man,['BJ Dobbs\n\n'],['Crystal Dobbs\nTC Anna Brock'],-2.823763907144894e-07,41.16919885575646,63.58299357775345,86.96612639248289,86.96612639248289,86.96612639248289,86.96612639248289,86.96612639248289,86.96612639248289,86.96612639248289,86.96612639248289
101,DNF,Unlimited Man,"Aaron Bukszpan

TC Amy Bukszpan",77,0 days 03:51:00,0 days 09:50:00,0 days 14:32:00,,,,,,,,,Solo Unlimited Man,['Aaron Bukszpan\n\n'],['Amy Bukszpan'],-2.823763907144894e-07,41.36242790710902,61.24468029628051,61.24468029628051,61.24468029628051,61.24468029628051,61.24468029628051,61.24468029628051,61.24468029628051,61.24468029628051,61.24468029628051
102,DNF,Unlimited Man,"Pat Stroka

TC Roy Kleinsasser
TC Caroline Blackwell Daigle",78,0 days 04:02:00,0 days 09:37:00,0 days 19:09:00,,,,,,,,,Solo Unlimited Man,['Pat Stroka\n\n'],['Roy Kleinsasser\nTC Caroline Blackwell Daigle'],-2.823763907144894e-07,41.460315898998324,61.24468029628051,61.24468029628051,61.24468029628051,61.24468029628051,61.24468029628051,61.24468029628051,61.24468029628051,61.24468029628051,61.24468029628051
103,DNF,Unlimited,"Chad Monney
Wyatt Monney

TC Kandace Monney",421,0 days 04:32:00,0 days 10:56:00,0 days 22:29:00,,,,,,,,,Unlimited,['Chad Monney\nWyatt Monney\n\n'],['Kandace Monney'],-2.823763907144894e-07,37.180996479775615,56.812689798401465,61.24468029628051,61.24468029628051,61.24468029628051,61.24468029628051,61.24468029628051,61.24468029628051,61.24468029628051,61.24468029628051
104,DNF,Unlimited Woman,"Cyndi Wilsdorf

TC Stephanie Wolfe
TC Mariann Dahl",811,0 days 03:23:00,0 days 08:18:00,0 days 14:01:00,,,,,,,,,Unlimited Woman,['Cyndi Wilsdorf\n\n'],['Stephanie Wolfe\nTC Mariann Dahl'],-2.823763907144894e-07,46.76134085115025,61.24468029628051,61.24468029628051,61.24468029628051,61.24468029628051,61.24468029628051,61.24468029628051,61.24468029628051,61.24468029628051,61.24468029628051
105,DNF,Tandem Unlimited,"Johnny Garcia
Annika Garcia

TC Nicole Garcia",924,0 days 04:18:00,0 days 10:59:00,0 days 22:29:00,,,,,,,,,Tandem Unlimited,['Johnny Garcia\nAnnika Garcia\n\n'],['Nicole Garcia'],-2.823763907144894e-07,37.15026557252618,56.79342027449765,61.24468029628051,61.24468029628051,61.24468029628051,61.24468029628051,61.24468029628051,61.24468029628051,61.24468029628051,61.24468029628051
106,DNF,,"Michael Pritulsky
Doug McCoy

TC Ian Holloway
TC Josh Dennis",2013,0 days 03:58:00,0 days 09:58:00,0 days 16:35:00,,,,,,,,,,['Michael Pritulsky\nDoug McCoy\n\n'],['Ian Holloway\nTC Josh Dennis'],-2.823763907144894e-07,40.735307670430274,61.24468029628051,61.24468029628051,61.24468029628051,61.24468029628051,61.24468029628051,61.24468029628051,61.24468029628051,61.24468029628051,61.24468029628051
107,DNF,,"Tim Curry
Jay Daniel out @ Luling

TC Mickye Adams
TC Kristin Daniel",2014,0 days 03:16:00,0 days 09:21:00,0 days 15:43:00,,,,,,,,,,['Tim Curry\nJay Daniel out @ Luling\n\n'],['Mickye Adams\nTC Kristin Daniel'],-2.823763907144894e-07,42.73595354278689,61.24468029628051,61.24468029628051,61.24468029628051,61.24468029628051,61.24468029628051,61.24468029628051,61.24468029628051,61.24468029628051,61.24468029628051
108,DNF,Unlimited,"John Henry  Fischer
Ryan Evers

TC David Fischer
TC Kate Fischer",3156,0 days 04:27:00,0 days 10:22:00,0 days 18:06:00,,,,,,,,,Unlimited,['John Henry  Fischer\nRyan Evers\n\n'],['David Fischer\nTC Kate Fischer'],-2.823763907144894e-07,39.16518814740804,61.24468029628051,61.24468029628051,61.24468029628051,61.24468029628051,61.24468029628051,61.24468029628051,61.24468029628051,61.24468029628051,61.24468029628051
109,DNF,,"David McGonagill
Sean Rommel

TC Hampton Fontenot
TC Carson Rommel",3394,0 days 03:27:00,0 days 08:33:00,0 days 13:43:00,,,,,,,,,,['David McGonagill\nSean Rommel\n\n'],['Hampton Fontenot\nTC Carson Rommel'],-2.823763907144894e-07,46.416462509925694,61.24468029628051,61.24468029628051,61.24468029628051,61.24468029628051,61.24468029628051,61.24468029628051,61.24468029628051,61.24468029628051,61.24468029628051
110,DNF,,"Mark Taylor
Scott Heinze
Diane Phalen

TC Patrick Eagan",5364,0 days 03:52:00,0 days 09:22:00,0 days 16:16:00,,,,,,,,,,['Mark Taylor\nScott Heinze\nDiane Phalen\n\n'],['Patrick Eagan'],-2.823763907144894e-07,42.523497206902924,61.24468029628051,61.24468029628051,61.24468029628051,61.24468029628051,61.24468029628051,61.24468029628051,61.24468029628051,61.24468029628051,61.24468029628051
111,DNF,C-2,"Rhyan Staten
Michael Felchak

TC Kelley Felchak
TC Ashley Wynn",5884,0 days 04:01:00,0 days 09:35:00,0 days 17:13:00,,,,,,,,,USCA C-2,['Rhyan Staten\nMichael Felchak\n\n'],['Kelley Felchak\nTC Ashley Wynn'],-2.823763907144894e-07,41.75663837623031,61.24468029628051,61.24468029628051,61.24468029628051,61.24468029628051,61.24468029628051,61.24468029628051,61.24468029628051,61.24468029628051,61.24468029628051
112,DNF,Unlimited,"Ryan Tedrow
Marcus Monroe

TC Amanda Tedrow
TC Tressa Monroe",8181,0 days 03:58:00,0 days 09:44:00,0 days 16:18:00,,,,,,,,,Unlimited,['Ryan Tedrow\nMarcus Monroe\n\n'],['Amanda Tedrow\nTC Tressa Monroe'],-2.823763907144894e-07,41.46854772241402,61.24468029628051,61.24468029628051,61.24468029628051,61.24468029628051,61.24468029628051,61.24468029628051,61.24468029628051,61.24468029628051,61.24468029628051
113,DNF,C-2,"David Deal
Richard Wessels

TC Donna Davenport Johnson
TC Howard Johnson",8183,0 days 04:17:00,0 days 09:45:00,0 days 16:50:00,,,,,,,,,USCA C-2,['David Deal\nRichard Wessels\n\n'],['Donna Davenport Johnson\nTC Howard Johnson'],-2.823763907144894e-07,41.358988071055535,61.24468029628051,61.24468029628051,61.24468029628051,61.24468029628051,61.24468029628051,61.24468029628051,61.24468029628051,61.24468029628051,61.24468029628051
114,DNF,C-1 Man,"Kalyn Baur

TC Michael Lugo",183,0 days 04:35:00,0 days 10:57:00,,,,,,,,,,USCA C-1 Man,['Kalyn Baur\n\n'],['Michael Lugo'],-2.823763907144894e-07,37.10099314825357,40.631462745742425,40.631462745742425,40.631462745742425,40.631462745742425,40.631462745742425,40.631462745742425,40.631462745742425,40.631462745742425,40.631462745742425
115,DNF,Unlimited Man,"Matt Bonura

TC Christi Bonura
TC Sean Eary",224,0 days 03:36:00,0 days 09:44:00,,,,,,,,,,Solo Unlimited Man,['Matt Bonura\n\n'],['Christi Bonura\nTC Sean Eary'],-2.823763907144894e-07,40.631462745742425,40.631462745742425,40.631462745742425,40.631462745742425,40.631462745742425,40.631462745742425,40.631462745742425,40.631462745742425,40.631462745742425,40.631462745742425
116,DNF,Unlimited Man,"Brian Frey

TC Chelsea Rumbo
TC Erich Frey",956,0 days 04:16:00,0 days 11:12:00,,,,,,,,,,Solo Unlimited Man,['Brian Frey\n\n'],['Chelsea Rumbo\nTC Erich Frey'],-2.823763907144894e-07,36.53640388063896,40.631462745742425,40.631462745742425,40.631462745742425,40.631462745742425,40.631462745742425,40.631462745742425,40.631462745742425,40.631462745742425,40.631462745742425
117,DNF,Unlimited,"Shilo Monney
Elijah Monney

TC Lynn Monney
TC Maureen Monney",7604,0 days 04:16:00,0 days 10:20:00,,,,,,,,,,Unlimited,['Shilo Monney\nElijah Monney\n\n'],['Lynn Monney\nTC Maureen Monney'],-2.823763907144894e-07,39.33144405840799,40.631462745742425,40.631462745742425,40.631462745742425,40.631462745742425,40.631462745742425,40.631462745742425,40.631462745742425,40.631462745742425,40.631462745742425
118,DNF,,"Eric Fish
Preston Campbell

TC Mike LaGrange",11,0 days 05:10:00,,,,,,,,,,,,['Eric Fish\nPreston Campbell\n\n'],['Mike LaGrange'],-2.823763907144894e-07,16.97112263625573,16.97112263625573,16.97112263625573,16.97112263625573,16.97112263625573,16.97112263625573,16.97112263625573,16.97112263625573,16.97112263625573,16.97112263625573
119,DNF,,"Dick Kuntzman
Ricky Arambula

TC Amy Kuntzman
TC Heidi Arambula",7734,0 days 05:03:00,,,,,,,,,,,,['Dick Kuntzman\nRicky Arambula\n\n'],['Amy Kuntzman\nTC Heidi Arambula'],-2.823763907144894e-07,16.97112263625573,16.97112263625573,16.97112263625573,16.97112263625573,16.97112263625573,16.97112263625573,16.97112263625573,16.97112263625573,16.97112263625573,16.97112263625573
120,DNF,Women,"Amanda Chicago
Christine Drennon

TC Cindy Kahl
TC Tami McWhorter",115,0 days 05:04:00,,,,,,,,,,,Women,['Amanda Chicago\nChristine Drennon\n\n'],['Cindy Kahl\nTC Tami McWhorter'],-2.823763907144894e-07,16.97112263625573,16.97112263625573,16.97112263625573,16.97112263625573,16.97112263625573,16.97112263625573,16.97112263625573,16.97112263625573,16.97112263625573,16.97112263625573
121,DNF,Unlimited Man,"Stuart Gillies

TC Alison Gilles",427,0 days 04:46:00,,,,,,,,,,,Solo Unlimited Man,['Stuart Gillies\n\n'],['Alison Gilles'],-2.823763907144894e-07,16.97112263625573,16.97112263625573,16.97112263625573,16.97112263625573,16.97112263625573,16.97112263625573,16.97112263625573,16.97112263625573,16.97112263625573,16.97112263625573
122,DNF,Tandem Unlimited,"Alexander Diaz
Joli Miracle

TC William Miracle",911,0 days 04:45:00,,,,,,,,,,,Tandem Unlimited,['Alexander Diaz\nJoli Miracle\n\n'],['William Miracle'],-2.823763907144894e-07,16.97112263625573,16.97112263625573,16.97112263625573,16.97112263625573,16.97112263625573,16.97112263625573,16.97112263625573,16.97112263625573,16.97112263625573,16.97112263625573
123,DNF,Unlimited,"Matthew Tidmore
Doug Crum

TC Janell Crum
TC Aaron Crum",979,0 days 05:20:00,,,,,,,,,,,Unlimited,['Matthew Tidmore\nDoug Crum\n\n'],['Janell Crum\nTC Aaron Crum'],-2.823763907144894e-07,16.97112263625573,16.97112263625573,16.97112263625573,16.97112263625573,16.97112263625573,16.97112263625573,16.97112263625573,16.97112263625573,16.97112263625573,16.97112263625573
124,DNF,Unlimited Woman,"Kelsey Lee

TC Jared Moore",1030,0 days 05:04:00,,,,,,,,,,,Unlimited Woman,['Kelsey Lee\n\n'],['Jared Moore'],-2.823763907144894e-07,16.97112263625573,16.97112263625573,16.97112263625573,16.97112263625573,16.97112263625573,16.97112263625573,16.97112263625573,16.97112263625573,16.97112263625573,16.97112263625573
125,DNF,Unlimited Woman,"Michelle Waterman

TC Joel Crutcher
TC Debbie Sackett",1137,0 days 04:03:00,,,,,,,,,,,Unlimited Woman,['Michelle Waterman\n\n'],['Joel Crutcher\nTC Debbie Sackett'],-2.823763907144894e-07,16.97112263625573,16.97112263625573,16.97112263625573,16.97112263625573,16.97112263625573,16.97112263625573,16.97112263625573,16.97112263625573,16.97112263625573,16.97112263625573
126,DNF,Unlimited,"Kip Jacobson
Joseph Jacobson

TC Jordan Slaughter
TC Jenny Davis",1836,0 days 04:03:00,,,,,,,,,,,Unlimited,['Kip Jacobson\nJoseph Jacobson\n\n'],['Jordan Slaughter\nTC Jenny Davis'],-2.823763907144894e-07,16.97112263625573,16.97112263625573,16.97112263625573,16.97112263625573,16.97112263625573,16.97112263625573,16.97112263625573,16.97112263625573,16.97112263625573,16.97112263625573
127,DNF,Unlimited Man,"Meridith Cullen

TC Jimmy Woytasczyk
TC Danielle Cullen",1929,0 days 05:04:00,,,,,,,,,,,Solo Unlimited Man,['Meridith Cullen\n\n'],['Jimmy Woytasczyk\nTC Danielle Cullen'],-2.823763907144894e-07,16.97112263625573,16.97112263625573,16.97112263625573,16.97112263625573,16.97112263625573,16.97112263625573,16.97112263625573,16.97112263625573,16.97112263625573,16.97112263625573
128,DNF,,"Emma Andruss
John Andruss
Joey Andruss

TC Tim Andruss
TC Denise Andruss",2019,0 days 04:29:00,,,,,,,,,,,,['Emma Andruss\nJohn Andruss\nJoey Andruss\n\n'],['Tim Andruss\nTC Denise Andruss'],-2.823763907144894e-07,16.97112263625573,16.97112263625573,16.97112263625573,16.97112263625573,16.97112263625573,16.97112263625573,16.97112263625573,16.97112263625573,16.97112263625573,16.97112263625573
129,DNF,,"Chase Meadors
Chavel Silva

TC Victor Ramirez
TC You Jang",2351,0 days 05:05:00,,,,,,,,,,,,['Chase Meadors\nChavel Silva\n\n'],['Victor Ramirez\nTC You Jang'],-2.823763907144894e-07,16.97112263625573,16.97112263625573,16.97112263625573,16.97112263625573,16.97112263625573,16.97112263625573,16.97112263625573,16.97112263625573,16.97112263625573,16.97112263625573
130,DNF,Unlimited,"CJ Czelusta
Nick Fowler

TC CJ Czelusta",4339,0 days 04:54:00,,,,,,,,,,,Unlimited,['CJ Czelusta\nNick Fowler\n\n'],['CJ Czelusta'],-2.823763907144894e-07,16.97112263625573,16.97112263625573,16.97112263625573,16.97112263625573,16.97112263625573,16.97112263625573,16.97112263625573,16.97112263625573,16.97112263625573,16.97112263625573
131,DNF,,"Dale Sigler
Kip Fedora

TC Hayden Davis
TC Jessica Sigler",4442,0 days 05:01:00,,,,,,,,,,,,['Dale Sigler\nKip Fedora\n\n'],['Hayden Davis\nTC Jessica Sigler'],-2.823763907144894e-07,16.97112263625573,16.97112263625573,16.97112263625573,16.97112263625573,16.97112263625573,16.97112263625573,16.97112263625573,16.97112263625573,16.97112263625573,16.97112263625573
132,DNF,,"Patrick Stephenson
Brady Stephenson

TC Shane Stephenson
TC Chris Knudsen",5668,0 days 05:35:00,,,,,,,,,,,,['Patrick Stephenson\nBrady Stephenson\n\n'],['Shane Stephenson\nTC Chris Knudsen'],-2.823763907144894e-07,16.97112263625573,16.97112263625573,16.97112263625573,16.97112263625573,16.97112263625573,16.97112263625573,16.97112263625573,16.97112263625573,16.97112263625573,16.97112263625573
133,DNF,,"Mark Howell
Douglas  Howell

TC Lauren Howell
TC Stetson Dierlam",6499,0 days 05:04:00,,,,,,,,,,,,['Mark Howell\nDouglas  Howell\n\n'],['Lauren Howell\nTC Stetson Dierlam'],-2.823763907144894e-07,16.97112263625573,16.97112263625573,16.97112263625573,16.97112263625573,16.97112263625573,16.97112263625573,16.97112263625573,16.97112263625573,16.97112263625573,16.97112263625573
134,DNF,Unlimited,"Christopher Staples
Eric Flores

TC Elizabeth Flores
TC Mary Staples",8287,0 days 04:53:00,,,,,,,,,,,Unlimited,['Christopher Staples\nEric Flores\n\n'],['Elizabeth Flores\nTC Mary Staples'],-2.823763907144894e-07,16.97112263625573,16.97112263625573,16.97112263625573,16.97112263625573,16.97112263625573,16.97112263625573,16.97112263625573,16.97112263625573,16.97112263625573,16.97112263625573
135,DNF,Unlimited Man,"Ashby McMullan

TC Joanie McMullan
TC Lexie Ridings",555,,,,,,,,,,,,Solo Unlimited Man,['Ashby McMullan\n\n'],['Joanie McMullan\nTC Lexie Ridings'],-2.823763907144894e-07,-2.823763907144894e-07,-2.823763907144894e-07,-2.823763907144894e-07,-2.823763907144894e-07,-2.823763907144894e-07,-2.823763907144894e-07,-2.823763907144894e-07,-2.823763907144894e-07,-2.823763907144894e-07,-2.823763907144894e-07
136,DNF,,"David Kurtenbach
Geno Marsili
Cali Buchanan
Marcy Buchanan

TC Sam Kurtenbach
TC Lisa Marsili",1977,,,,,,,,,,,,,['David Kurtenbach\nGeno Marsili\nCali Buchanan\nMarcy Buchanan\n\n'],['Sam Kurtenbach\nTC Lisa Marsili'],-2.823763907144894e-07,-2.823763907144894e-07,-2.823763907144894e-07,-2.823763907144894e-07,-2.823763907144894e-07,-2.823763907144894e-07,-2.823763907144894e-07,-2.823763907144894e-07,-2.823763907144894e-07,-2.823763907144894e-07,-2.823763907144894e-07
137,DNF,,"Todd Bryan
Fred Campbell
Will Hyde

TC Carla Bryan",4242,,,,,,,,,,,,,['Todd Bryan\nFred Campbell\nWill Hyde\n\n'],['Carla Bryan'],-2.823763907144894e-07,-2.823763907144894e-07,-2.823763907144894e-07,-2.823763907144894e-07,-2.823763907144894e-07,-2.823763907144894e-07,-2.823763907144894e-07,-2.823763907144894e-07,-2.823763907144894e-07,-2.823763907144894e-07,-2.823763907144894e-07
