,Overall Place,Recognition,Team Members,Boat #,Staples,Luling 90,Palmetto,Gonzales,Hochheim,Cheapside,Cuero 236,Victoria,Swinging Bridge (off Canal Rd),Calhouns RV,Seadrift,Class,Competitors,Team Captions,0,600,1200,1800,2400,3000,3600,4200,4800,5400,6000
0,1,Unlimited,"Kyle Mynar
Normand Mainguy - out at Victoria
Chris Issendorf
Steve Lajoie

TC  Logan Mynar
TC Gaston Jones",124,0 days 02:20:00,0 days 05:35:00,0 days 08:38:00,0 days 12:10:00,0 days 17:57:00,0 days 21:35:00,0 days 23:39:00,1 days 06:05:00,1 days 11:26:00,1 days 15:37:00,1 days 18:05:00,Unlimited,['Kyle Mynar\nNormand Mainguy - out at Victoria\nChris Issendorf\nSteve Lajoie\n\n'],[' Logan Mynar\nTC Gaston Jones'],-2.823763907144894e-07,71.19354152217011,138.13626624312428,201.06798129674104,255.08937999314557,266.06332049717383,266.06332049717383,266.06332049717383,266.06332049717383,266.06332049717383,266.06332049717383
1,2,Tandem Unlimited,"Andrew Condie
Brandon Stafford

TC Jay Condie
TC Joseph Bitterly",1845,0 days 02:28:00,0 days 06:12:00,0 days 09:35:00,0 days 13:32:00,0 days 20:15:00,1 days 00:15:00,1 days 02:34:00,1 days 09:38:00,1 days 15:35:00,1 days 20:25:00,1 days 23:12:00,Tandem Unlimited,['Andrew Condie\nBrandon Stafford\n\n'],['Jay Condie\nTC Joseph Bitterly'],-2.823763907144894e-07,63.957913006850376,122.63937607528197,181.75132929218617,234.06348290894735,266.06332049717383,266.06332049717383,266.06332049717383,266.06332049717383,266.06332049717383,266.06332049717383
2,3,Unlimited,"Brenda Jones
Brian Jones
Chris Bailey
Nate Tart - out at Swinging Bridge

TC Ed Jones
TC James Shuler",4444,0 days 02:37:00,0 days 06:31:00,0 days 09:58:00,0 days 14:06:00,0 days 21:05:00,1 days 01:10:00,1 days 03:32:00,1 days 10:27:00,1 days 16:37:00,1 days 21:09:00,1 days 23:39:00,Unlimited,['Brenda Jones\nBrian Jones\nChris Bailey\nNate Tart - out at Swinging Bridge\n\n'],['Ed Jones\nTC James Shuler'],-2.823763907144894e-07,61.45211131318536,118.27051550160058,176.7709639380722,229.20008057463522,266.06332049717383,266.06332049717383,266.06332049717383,266.06332049717383,266.06332049717383,266.06332049717383
3,4,Unlimited,"Jonathan Zeek
Holly Orr
William Orr
David Kaiser

TC Melinda Zeek
TC Jacob Henry",357,0 days 02:32:00,0 days 06:16:00,0 days 09:40:00,0 days 13:45:00,0 days 21:07:00,1 days 01:20:00,1 days 03:42:00,1 days 11:02:00,1 days 17:15:00,1 days 21:32:00,2 days 00:00:00,Unlimited,['Jonathan Zeek\nHolly Orr\nWilliam Orr\nDavid Kaiser\n\n'],['Melinda Zeek\nTC Jacob Henry'],-2.823763907144894e-07,63.34439018168478,118.40196080444008,175.11408118226964,226.0968367301012,266.06332049717383,266.06332049717383,266.06332049717383,266.06332049717383,266.06332049717383,266.06332049717383
4,5,"Tandem Unlimited
1st Adult Youth","Tommy Yonley
Drew Yonley

TC Jacob Southard
TC Rachel Rask",2,0 days 02:37:00,0 days 06:24:00,0 days 09:50:00,0 days 14:04:00,0 days 21:04:00,1 days 01:09:00,1 days 03:34:00,1 days 10:35:00,1 days 17:15:00,1 days 21:39:00,2 days 00:02:00,Tandem Unlimited,['Tommy Yonley\nDrew Yonley\n\n'],['Jacob Southard\nTC Rachel Rask'],-2.823763907144894e-07,62.25733565439871,118.37242109972281,176.39198431334907,226.51355216678428,266.06332049717383,266.06332049717383,266.06332049717383,266.06332049717383,266.06332049717383,266.06332049717383
5,6,Unlimited Women,"Virginia Parker
Morgan Kohut
Kaitlin Mynar
Shannon Issendorf

TC Debbie Richardson
TC Landen Jiral",113,0 days 02:45:00,0 days 06:39:00,0 days 10:08:00,0 days 14:17:00,0 days 21:37:00,1 days 01:47:00,1 days 04:14:00,1 days 11:08:00,1 days 17:27:00,1 days 22:39:00,2 days 01:16:00,Unlimited Women,['Virginia Parker\nMorgan Kohut\nKaitlin Mynar\nShannon Issendorf\n\n'],['Debbie Richardson\nTC Landen Jiral'],-2.823763907144894e-07,60.4556576149202,115.85013313102338,172.89420802996946,225.22243881585706,266.06332049717383,266.06332049717383,266.06332049717383,266.06332049717383,266.06332049717383,266.06332049717383
6,7,Mixed Tandem Unlimited,"Lydia  Huelskamp
Wade Binion

TC Holly Huelskamp
TC Cecili Bugge",111,0 days 02:49:00,0 days 06:51:00,0 days 10:32:00,0 days 14:47:00,0 days 22:00:00,1 days 02:32:00,1 days 05:10:00,1 days 12:41:00,1 days 19:11:00,1 days 23:39:00,2 days 02:31:00,Mixed Tandem Unlimited,['Lydia  Huelskamp\nWade Binion\n\n'],['Holly Huelskamp\nTC Cecili Bugge'],-2.823763907144894e-07,58.25996101294467,113.74994131200023,167.29906174743607,217.23371228179005,263.72153263519795,266.06332049717383,266.06332049717383,266.06332049717383,266.06332049717383,266.06332049717383
7,8,Unlimited,"John Moore
Matt Wagner
Jimmy MacMillan

TC Anita Mraz Jenneiahn
TC Bill Jenneiahn",963,0 days 02:44:00,0 days 06:48:00,0 days 10:34:00,0 days 14:49:00,0 days 22:29:00,1 days 02:46:00,1 days 05:27:00,1 days 14:11:00,1 days 20:42:00,2 days 00:45:00,2 days 03:15:00,Unlimited,['John Moore\nMatt Wagner\nJimmy MacMillan\n\n'],['Anita Mraz Jenneiahn\nTC Bill Jenneiahn'],-2.823763907144894e-07,58.143576770978314,112.01675056602758,165.45342435028476,210.126415970558,259.5667477187891,266.06332049717383,266.06332049717383,266.06332049717383,266.06332049717383,266.06332049717383
8,9,Solo Unlimited Man,"Luke Zolnierowski

TC Anna Winder",97,0 days 02:43:00,0 days 06:40:00,0 days 10:19:00,0 days 14:38:00,0 days 22:00:00,1 days 02:30:00,1 days 05:08:00,1 days 12:41:00,1 days 19:51:00,2 days 00:47:00,2 days 03:55:00,Solo Unlimited Man,['Luke Zolnierowski\n\n'],['Anna Winder'],-2.823763907144894e-07,59.45631895627949,113.95902954088346,167.45035603089562,215.77636387892824,258.1153857151074,266.06332049717383,266.06332049717383,266.06332049717383,266.06332049717383,266.06332049717383
9,10,"Standard
1st Masters","Joe Geisinger
Eric Whicker

TC Bill McCanse
TC James Connolly",57,0 days 03:00:00,0 days 07:15:00,0 days 11:04:00,0 days 15:40:00,0 days 23:40:00,1 days 04:28:00,1 days 07:09:00,1 days 14:38:00,1 days 21:23:00,2 days 01:22:00,2 days 04:10:00,Standard,['Joe Geisinger\nEric Whicker\n\n'],['Bill McCanse\nTC James Connolly'],-2.823763907144894e-07,55.48378106818253,107.03616022927244,157.03222883866042,207.78366363726974,256.00910072110224,266.06332049717383,266.06332049717383,266.06332049717383,266.06332049717383,266.06332049717383
10,11,USCA C-2,"Joshua Hulin
Susannah Hulin

TC Stephen Nelson
TC Pricilla Hulin",56,0 days 02:55:00,0 days 07:14:00,0 days 10:55:00,0 days 15:27:00,0 days 23:22:00,1 days 04:11:00,1 days 06:59:00,1 days 13:23:00,1 days 21:22:00,2 days 01:35:00,2 days 04:53:00,USCA C-2,['Joshua Hulin\nSusannah Hulin\n\n'],['Stephen Nelson\nTC Pricilla Hulin'],-2.823763907144894e-07,56.11469402804705,108.26148861088697,158.11447804450395,211.63068155067003,254.71072362181465,266.06332049717383,266.06332049717383,266.06332049717383,266.06332049717383,266.06332049717383
11,12,Unlimited,"Kim Kaiser
Garrett Jones
Kileigh Reed

TC Peter Olden
TC Amelia Kaiser",521,0 days 03:18:00,0 days 07:43:00,0 days 11:36:00,0 days 16:10:00,1 days 00:24:00,1 days 05:16:00,1 days 08:03:00,1 days 16:28:00,1 days 23:26:00,2 days 04:08:00,2 days 07:21:00,Unlimited,['Kim Kaiser\nGarrett Jones\nKileigh Reed\n\n'],['Peter Olden\nTC Amelia Kaiser'],-2.823763907144894e-07,52.75168079047941,104.21722990837799,152.72516613092756,199.43029063359677,243.6291417782515,266.06332049717383,266.06332049717383,266.06332049717383,266.06332049717383,266.06332049717383
12,13,Solo Unlimited Woman,"Courtney Martinez

TC Ryan Henk
TC Mia Mata",4447,0 days 03:04:00,0 days 07:21:00,0 days 11:09:00,0 days 15:45:00,0 days 23:54:00,1 days 04:48:00,1 days 07:40:00,1 days 16:12:00,1 days 23:19:00,2 days 04:00:00,2 days 07:43:00,Solo Unlimited Woman,['Courtney Martinez\n\n'],['Ryan Henk\nTC Mia Mata'],-2.823763907144894e-07,55.00646972177556,106.2879145128466,154.89483505824674,200.66391243905443,244.18770824202656,266.06332049717383,266.06332049717383,266.06332049717383,266.06332049717383,266.06332049717383
13,14,Aluminum,"Jackson Swilley
Parker Carpenter

TC Kris Murphy
TC Becky Carpenter",306,0 days 03:13:00,0 days 07:47:00,0 days 11:44:00,0 days 16:30:00,1 days 00:26:00,1 days 05:19:00,1 days 08:15:00,1 days 16:30:00,1 days 23:14:00,2 days 03:58:00,2 days 07:47:00,Aluminum,['Jackson Swilley\nParker Carpenter\n\n'],['Kris Murphy\nTC Becky Carpenter'],-2.823763907144894e-07,52.19921774245789,103.31276028670064,152.2983345851281,199.23139922310014,244.42801441268102,266.06332049717383,266.06332049717383,266.06332049717383,266.06332049717383,266.06332049717383
14,15,Aluminum,"Luke Parker
Libby Geisinger

TC Mary McStay
TC Patrick Jenison",555,0 days 03:02:00,0 days 07:27:00,0 days 11:28:00,0 days 16:25:00,1 days 00:32:00,1 days 05:18:00,1 days 08:05:00,1 days 16:28:00,1 days 23:26:00,2 days 03:58:00,2 days 08:43:00,Aluminum,['Luke Parker\nLibby Geisinger\n\n'],['Mary McStay\nTC Patrick Jenison'],-2.823763907144894e-07,53.71786226952801,103.32394894781919,152.55766924784905,199.42179390867656,244.04674262469322,266.06332049717383,266.06332049717383,266.06332049717383,266.06332049717383,266.06332049717383
15,16,Solo Unlimited Man,"Chris Champion

TC AJ Champion
TC Mike Tecci",80,0 days 02:52:00,0 days 07:06:00,0 days 10:56:00,0 days 15:34:00,0 days 23:24:00,1 days 04:17:00,1 days 07:03:00,1 days 15:38:00,1 days 23:14:00,2 days 05:35:00,2 days 10:11:00,Solo Unlimited Man,['Chris Champion\n\n'],['AJ Champion\nTC Mike Tecci'],-2.823763907144894e-07,56.225809936149496,107.93619120656874,157.71828857619238,203.04851080999103,241.33276843160087,266.06332049717383,266.06332049717383,266.06332049717383,266.06332049717383,266.06332049717383
16,17,Solo Unlimited Man,"Curt Slaten

TC Mike Drost
TC Kate Slaten",11,0 days 03:01:00,0 days 07:20:00,0 days 11:10:00,0 days 16:16:00,1 days 00:15:00,1 days 05:19:00,1 days 08:22:00,1 days 17:27:00,2 days 01:18:00,2 days 06:04:00,2 days 10:38:00,Solo Unlimited Man,['Curt Slaten\n\n'],['Mike Drost\nTC Kate Slaten'],-2.823763907144894e-07,54.97109234611674,104.29333080979148,152.17370781368822,195.41480163279255,235.32491134169874,266.06332049717383,266.06332049717383,266.06332049717383,266.06332049717383,266.06332049717383
17,18,Mixed Tandem Unlimited,"Adam Sims
Brandi Sims

TC Jason Smith
TC Rhett Reeves",2423,0 days 02:58:00,0 days 07:20:00,0 days 11:10:00,0 days 15:37:00,1 days 00:10:00,1 days 05:06:00,1 days 07:54:00,1 days 16:43:00,1 days 23:51:00,2 days 05:18:00,2 days 10:48:00,Mixed Tandem Unlimited,['Adam Sims\nBrandi Sims\n\n'],['Jason Smith\nTC Rhett Reeves'],-2.823763907144894e-07,54.97109234611674,105.9617859483107,153.53573140439673,198.4343952535528,240.47581504834665,266.06332049717383,266.06332049717383,266.06332049717383,266.06332049717383,266.06332049717383
18,19,USCA C-2,"John Bugge
Mike De Abreu

TC Jennifer Bugge
TC Johnny Martinez",147,0 days 03:11:00,0 days 07:30:00,0 days 11:24:00,0 days 15:59:00,1 days 00:08:00,1 days 04:52:00,1 days 07:41:00,1 days 15:58:00,2 days 01:04:00,2 days 06:59:00,2 days 10:53:00,USCA C-2,['John Bugge\nMike De Abreu\n\n'],['Jennifer Bugge\nTC Johnny Martinez'],-2.823763907144894e-07,53.845063739677094,105.22711045917957,154.66773353231136,201.67968281843957,235.55149020962958,266.06332049717383,266.06332049717383,266.06332049717383,266.06332049717383,266.06332049717383
19,20,Standard,"Heather Harrison
Wendell Smith

TC Mark Miller
TC Aaron Timmins",333,0 days 03:16:00,0 days 07:46:00,0 days 11:47:00,0 days 16:41:00,1 days 01:08:00,1 days 06:26:00,1 days 09:17:00,1 days 18:04:00,2 days 01:52:00,2 days 07:22:00,2 days 11:38:00,Standard,['Heather Harrison\nWendell Smith\n\n'],['Mark Miller\nTC Aaron Timmins'],-2.823763907144894e-07,52.09275383193372,101.50936438436682,146.99443221290886,192.49874812496202,232.77463575346945,266.06332049717383,266.06332049717383,266.06332049717383,266.06332049717383,266.06332049717383
20,21,Novice,"Stahl Urban
Carlos Linares

TC William Russell
TC David Pearce",314,0 days 03:10:00,0 days 07:40:00,0 days 11:48:00,0 days 16:46:00,1 days 01:51:00,1 days 06:55:00,1 days 09:56:00,1 days 20:40:00,2 days 03:22:00,2 days 08:08:00,2 days 11:51:00,Novice,['Stahl Urban\nCarlos Linares\n\n'],['William Russell\nTC David Pearce'],-2.823763907144894e-07,52.26795652427199,100.15541044951777,144.513275498342,184.81026368547333,226.00756067561124,266.06332049717383,266.06332049717383,266.06332049717383,266.06332049717383,266.06332049717383
21,22,Aluminum,"Michael Davidson
Aaron Zwahr

TC Dolly Attwal
TC Vanessa Gill",6708,0 days 03:22:00,0 days 08:03:00,0 days 12:14:00,0 days 17:10:00,1 days 02:25:00,1 days 07:50:00,1 days 11:17:00,1 days 20:13:00,2 days 03:23:00,2 days 08:47:00,2 days 12:12:00,Aluminum,['Michael Davidson\nAaron Zwahr\n\n'],['Dolly Attwal\nTC Vanessa Gill'],-2.823763907144894e-07,50.24001435296535,98.31550103615598,140.57133871380367,183.37529324724784,226.34397063937843,265.30274612311905,266.06332049717383,266.06332049717383,266.06332049717383,266.06332049717383
22,23,Unlimited,"John Mark Harras
Bobby Smart
Egan Gyldenege
Andrew Davis
Tim Curry
Larry St Clair

TC Josephine Harras
TC Jesse Hazelwood",807,0 days 03:03:00,0 days 07:06:00,0 days 10:52:00,0 days 15:29:00,1 days 00:33:00,1 days 06:10:00,1 days 09:16:00,1 days 19:07:00,2 days 02:23:00,2 days 09:18:00,2 days 13:01:00,Unlimited,['John Mark Harras\nBobby Smart\nEgan Gyldenege\nAndrew Davis\nTim Curry\nLarry St Clair\n\n'],['Josephine Harras\nTC Jesse Hazelwood'],-2.823763907144894e-07,56.50181608111245,105.4242004980371,148.29774989161328,189.37235130040963,230.65073549473297,262.5091416677436,266.06332049717383,266.06332049717383,266.06332049717383,266.06332049717383
23,24,Mixed Tandem Unlimited,"Clay Wyatt
Payton Wyatt

TC Jill Wyatt
TC Steven McCormick",143,0 days 03:04:00,0 days 07:24:00,0 days 11:25:00,0 days 16:29:00,1 days 01:14:00,1 days 06:34:00,1 days 09:44:00,1 days 18:41:00,2 days 02:28:00,2 days 08:22:00,2 days 13:06:00,Mixed Tandem Unlimited,['Clay Wyatt\nPayton Wyatt\n\n'],['Jill Wyatt\nTC Steven McCormick'],-2.823763907144894e-07,53.974458338621844,101.85765039973597,146.38167502471092,190.01209629137196,230.42952275822196,263.04378667060064,266.06332049717383,266.06332049717383,266.06332049717383,266.06332049717383
24,25,Unlimited,"Ed Wagner
Deb Brax
Kevin Berl
John Vermilyea

TC Rich Butts
TC Teresa Stout",73,0 days 03:07:00,0 days 07:38:00,0 days 11:53:00,0 days 16:48:00,1 days 01:51:00,1 days 07:19:00,1 days 10:21:00,1 days 20:33:00,2 days 03:23:00,2 days 09:44:00,2 days 13:28:00,Unlimited,['Ed Wagner\nDeb Brax\nKevin Berl\nJohn Vermilyea\n\n'],['Rich Butts\nTC Teresa Stout'],-2.823763907144894e-07,52.11019565623814,100.06751694637526,143.0136575267104,184.37491146828006,226.05487658495608,260.9588704570144,266.06332049717383,266.06332049717383,266.06332049717383,266.06332049717383
25,26,Solo Unlimited Man,"Cody Taylor

TC Hilary Taylor
TC Rocco Moses",1431,0 days 03:03:00,0 days 07:25:00,0 days 11:41:00,0 days 16:40:00,1 days 01:27:00,1 days 07:04:00,1 days 10:16:00,1 days 19:56:00,2 days 03:22:00,2 days 09:01:00,2 days 13:30:00,Solo Unlimited Man,['Cody Taylor\n\n'],['Hilary Taylor\nTC Rocco Moses'],-2.823763907144894e-07,53.11212180954478,101.02774694664869,144.28833190904206,185.88501999836737,226.625419140846,261.7161714261357,266.06332049717383,266.06332049717383,266.06332049717383,266.06332049717383
26,27,Unlimited,"Daniel Currey
Greg Frank
Austin Bodin
Will Parrish

TC Heather Currey
TC Miranda Wait",667,0 days 03:10:00,0 days 07:43:00,0 days 12:03:00,0 days 16:59:00,1 days 01:59:00,1 days 07:25:00,1 days 10:33:00,1 days 19:55:00,2 days 03:58:00,2 days 10:07:00,2 days 13:59:00,Unlimited,['Daniel Currey\nGreg Frank\nAustin Bodin\nWill Parrish\n\n'],['Heather Currey\nTC Miranda Wait'],-2.823763907144894e-07,51.49304276275672,99.38553194618856,142.51616187255112,185.45132150613057,224.7694143805575,259.398732905555,266.06332049717383,266.06332049717383,266.06332049717383,266.06332049717383
27,28,Solo Unlimited Man,"Joshua Halloran

TC Lauren Halloran
TC Nate Dicks",2213,0 days 03:03:00,0 days 07:40:00,0 days 11:58:00,0 days 16:24:00,1 days 01:12:00,1 days 07:39:00,1 days 10:45:00,1 days 19:54:00,2 days 03:15:00,2 days 10:19:00,2 days 14:11:00,Solo Unlimited Man,['Joshua Halloran\n\n'],['Lauren Halloran\nTC Nate Dicks'],-2.823763907144894e-07,51.816929633631304,102.12391418530298,142.6393249437727,185.13990866774648,227.04876919653108,258.7266736526187,266.06332049717383,266.06332049717383,266.06332049717383,266.06332049717383
28,29,Tandem Unlimited,"Cooper Knight
Dustin Skogman

TC Justin Emerson
TC Dylan Skogman",302,0 days 03:15:00,0 days 07:54:00,0 days 12:12:00,0 days 17:11:00,1 days 01:59:00,1 days 07:49:00,1 days 11:25:00,1 days 21:16:00,2 days 04:46:00,2 days 11:00:00,2 days 14:57:00,Tandem Unlimited,['Cooper Knight\nDustin Skogman\n\n'],['Justin Emerson\nTC Dylan Skogman'],-2.823763907144894e-07,50.69838294484242,98.8256918414949,141.24775053633343,180.95985039704354,220.94433613400125,256.359578878827,266.06332049717383,266.06332049717383,266.06332049717383,266.06332049717383
29,30,Solo Unlimited Man,"Jay Berger

TC Nadira Bakar
TC Jack Janecek",712,0 days 02:54:00,0 days 07:05:00,0 days 10:58:00,0 days 15:28:00,1 days 00:06:00,1 days 05:20:00,1 days 08:24:00,2 days 01:10:00,2 days 07:34:00,2 days 11:57:00,2 days 15:04:00,Solo Unlimited Man,['Jay Berger\n\n'],['Nadira Bakar\nTC Jack Janecek'],-2.823763907144894e-07,56.11349309485901,106.4221972102082,152.0806672547342,180.49609778509753,205.56502708175617,253.2786211258071,266.06332049717383,266.06332049717383,266.06332049717383,266.06332049717383
30,31,Aluminum,"Andrew Hurst
Garrett Hurst 

TC Eden Hurst
TC Ralph Hurst",832,0 days 03:11:00,0 days 07:43:00,0 days 11:49:00,0 days 18:01:00,1 days 02:49:00,1 days 08:50:00,1 days 11:51:00,1 days 22:14:00,2 days 05:29:00,2 days 11:29:00,2 days 15:18:00,Aluminum,['Andrew Hurst\nGarrett Hurst \n\n'],['Eden Hurst\nTC Ralph Hurst'],-2.823763907144894e-07,52.11118146291201,95.316944667231,137.2571447154348,178.43024873428712,217.51875508368403,254.8290723738535,266.06332049717383,266.06332049717383,266.06332049717383,266.06332049717383
31,32,Aluminum,"RD Kissling
Chris Stevenson

TC Karim Aziz
TC Roy Kleinsasser",281,0 days 03:23:00,0 days 08:08:00,0 days 12:29:00,0 days 17:53:00,1 days 03:16:00,1 days 09:22:00,1 days 12:25:00,1 days 23:06:00,2 days 06:02:00,2 days 11:32:00,2 days 15:19:00,Aluminum,['RD Kissling\nChris Stevenson\n\n'],['Karim Aziz\nTC Roy Kleinsasser'],-2.823763907144894e-07,49.47698138811892,95.32429870216106,135.2304229370827,175.95339041500668,214.409413186357,254.67285368749486,266.06332049717383,266.06332049717383,266.06332049717383,266.06332049717383
32,33,Unlimited Women,"Irene Moore
Sonja StClair
Martha Avila-Adame

TC Adam Adame
TC Erica Ortiz",643,0 days 03:11:00,0 days 07:40:00,0 days 11:48:00,0 days 16:45:00,1 days 01:43:00,1 days 07:28:00,1 days 10:35:00,1 days 20:33:00,2 days 04:35:00,2 days 11:37:00,2 days 15:38:00,Unlimited Women,['Irene Moore\nSonja StClair\nMartha Avila-Adame\n\n'],['Adam Adame\nTC Erica Ortiz'],-2.823763907144894e-07,52.26795652427199,100.39588881115249,142.6578783053942,183.97241602219572,222.39696892179634,254.31018468233674,266.06332049717383,266.06332049717383,266.06332049717383,266.06332049717383
33,34,USCA C-2,"Travis Crow
Fred Brent

TC Kert Prater
TC Kerry Prater",112,0 days 03:08:00,0 days 07:52:00,0 days 11:51:00,0 days 17:03:00,1 days 02:49:00,1 days 08:43:00,1 days 11:47:00,1 days 22:24:00,2 days 08:00:00,2 days 13:48:00,2 days 17:26:00,USCA C-2,['Travis Crow\nFred Brent\n\n'],['Kert Prater\nTC Kerry Prater'],-2.823763907144894e-07,51.67117758452433,98.15771260128862,137.51892589379378,178.3337144013619,213.08091012752962,246.61507198632464,266.06332049717383,266.06332049717383,266.06332049717383,266.06332049717383
34,35,Unlimited,"Rhett Butler
Miguel Flores
Ross Bingham

TC Shelby Butler
TC Whitney Flores",830,0 days 03:06:00,0 days 07:44:00,0 days 11:52:00,0 days 16:27:00,1 days 01:59:00,1 days 08:18:00,1 days 11:40:00,1 days 23:01:00,2 days 06:41:00,2 days 13:40:00,2 days 17:27:00,Unlimited,['Rhett Butler\nMiguel Flores\nRoss Bingham\n\n'],['Shelby Butler\nTC Whitney Flores'],-2.823763907144894e-07,51.935485273456855,100.76359989620374,139.92941711806142,177.740847131592,213.51475943562977,248.10602787945734,266.06332049717383,266.06332049717383,266.06332049717383,266.06332049717383
35,36,Solo Unlimited Man,"Benjamin Duckett

TC Constance Harris
TC Emily Duckett",728,0 days 03:27:00,0 days 08:05:00,0 days 12:20:00,0 days 17:48:00,1 days 03:34:00,1 days 10:11:00,1 days 13:34:00,2 days 00:02:00,2 days 08:15:00,2 days 14:38:00,2 days 19:06:00,Solo Unlimited Man,['Benjamin Duckett\n\n'],['Constance Harris\nTC Emily Duckett'],-2.823763907144894e-07,49.92761968029882,95.31239407362615,133.22044559545952,171.98639148893758,208.91605154103223,244.48958842006977,266.06332049717383,266.06332049717383,266.06332049717383,266.06332049717383
36,37,USCA C-1 Man,"Richard Zambrana

TC Ginsie Stauss",17,0 days 03:25:00,0 days 08:17:00,0 days 12:30:00,0 days 17:40:00,1 days 03:57:00,1 days 09:22:00,1 days 12:27:00,2 days 01:15:00,2 days 09:22:00,2 days 14:57:00,2 days 20:57:00,USCA C-1 Man,['Richard Zambrana\n\n'],['Ginsie Stauss'],-2.823763907144894e-07,49.02340506868876,95.3734713234906,133.4882620681263,173.71532783191427,204.40426660437362,242.08044244843379,266.06332049717383,266.06332049717383,266.06332049717383,266.06332049717383
37,38,USCA C-2,"Paul Pape
Mike Howard

TC Jennifer Keirnan-Pape
TC Amber Howard",1973,0 days 03:35:00,0 days 08:22:00,0 days 13:12:00,0 days 18:47:00,1 days 06:35:00,1 days 12:18:00,1 days 15:32:00,2 days 04:32:00,2 days 11:44:00,2 days 17:31:00,2 days 21:25:00,USCA C-2,['Paul Pape\nMike Howard\n\n'],['Jennifer Keirnan-Pape\nTC Amber Howard'],-2.823763907144894e-07,47.59730867661391,90.7864978920543,122.18681158716183,164.40974724833427,194.0566645643114,233.22946624485155,266.06332049717383,266.06332049717383,266.06332049717383,266.06332049717383
38,39,Aluminum,"Matt Sandel
Jacob Sandel 

TC Raphael Swafford
TC Amy Swafford",7804,0 days 03:22:00,0 days 08:18:00,0 days 12:46:00,0 days 18:08:00,1 days 03:44:00,1 days 09:02:00,1 days 12:33:00,1 days 22:30:00,2 days 06:17:00,2 days 12:56:00,2 days 21:35:00,Aluminum,['Matt Sandel\nJacob Sandel \n\n'],['Raphael Swafford\nTC Amy Swafford'],-2.823763907144894e-07,48.47679181348453,94.17075392363812,134.71961727115865,176.38968415504502,215.3737869271332,250.15090810737024,266.06332049717383,266.06332049717383,266.06332049717383,266.06332049717383
39,40,Solo Unlimited Woman,"Cyndi Wilsdorf
TC Stephanie Wolfe
TC Susan Jordan",811,0 days 03:27:00,0 days 08:08:00,0 days 12:33:00,0 days 18:44:00,1 days 06:16:00,1 days 12:44:00,1 days 16:47:00,2 days 02:53:00,2 days 11:36:00,2 days 17:37:00,2 days 21:36:00,Solo Unlimited Woman,['Cyndi Wilsdorf\n'],['Stephanie Wolfe\nTC Susan Jordan'],-2.823763907144894e-07,49.34346412559248,91.03546184360607,123.1617943524733,160.3211153141583,198.19647008127177,233.65320936015772,266.06332049717383,266.06332049717383,266.06332049717383,266.06332049717383
40,41,Tandem Unlimited,"Shawn Melnar
Dylan Melnar 

TC Sharon Melnar
TC Mason Melnar",14,0 days 03:32:00,0 days 08:31:00,0 days 13:00:00,0 days 18:19:00,1 days 05:09:00,1 days 11:57:00,1 days 15:53:00,2 days 02:17:00,2 days 10:12:00,2 days 17:18:00,2 days 22:01:00,Tandem Unlimited,['Shawn Melnar\nDylan Melnar \n\n'],['Sharon Melnar\nTC Mason Melnar'],-2.823763907144894e-07,47.45144922157101,92.72349467891814,127.14621382152112,163.45857531778,200.51722196275142,237.54358144991835,266.01740832206156,266.06332049717383,266.06332049717383,266.06332049717383
41,42,Tandem Unlimited,"James Ward
Paul Glisson

TC Emily Addlesperger
TC Janet Ward",1004,0 days 03:26:00,0 days 08:23:00,0 days 12:48:00,0 days 18:14:00,1 days 04:46:00,1 days 11:57:00,1 days 16:06:00,2 days 02:30:00,2 days 10:39:00,2 days 18:13:00,2 days 22:18:00,Tandem Unlimited,['James Ward\nPaul Glisson\n\n'],['Emily Addlesperger\nTC Janet Ward'],-2.823763907144894e-07,48.17667822650542,93.18060619783739,128.31457224444137,162.68921263936244,199.71428461877704,235.9813720392099,265.10872204810505,266.06332049717383,266.06332049717383,266.06332049717383
42,43,Solo Unlimited Man,"Keifer Mauldin

TC Gary Gibson
TC Julia Gibson",414,0 days 02:57:00,0 days 07:28:00,0 days 11:36:00,0 days 17:03:00,1 days 01:42:00,1 days 06:57:00,1 days 10:44:00,1 days 20:32:00,2 days 05:57:00,2 days 17:44:00,2 days 22:24:00,Solo Unlimited Man,['Keifer Mauldin\n\n'],['Gary Gibson\nTC Julia Gibson'],-2.823763907144894e-07,53.26537027671738,99.60248384597067,144.51249160930223,183.73873061951284,219.39136497176102,242.94977464653363,264.9496223065936,266.06332049717383,266.06332049717383,266.06332049717383
43,44,Aluminum,"Hoyt Moss
Candace Morrison

TC Charlie Chapman
TC Wade Parsons",1620,0 days 03:46:00,0 days 08:45:00,0 days 13:36:00,0 days 19:43:00,1 days 06:16:00,1 days 12:22:00,1 days 15:58:00,2 days 03:17:00,2 days 12:13:00,2 days 18:41:00,2 days 23:17:00,Aluminum,['Hoyt Moss\nCandace Morrison\n\n'],['Charlie Chapman\nTC Wade Parsons'],-2.823763907144894e-07,45.944147681448115,87.96121374275755,123.08194375245127,163.1397472458835,197.19658893434033,231.5257320321778,262.43842119329247,266.06332049717383,266.06332049717383,266.06332049717383
44,45,USCA C-2,"Jared O'Brien
Chris Davis 

TC Jami O'Brien
TC Ana Davis",1984,0 days 03:25:00,0 days 08:23:00,0 days 12:53:00,0 days 18:04:00,1 days 02:33:00,1 days 09:32:00,1 days 12:57:00,2 days 02:27:00,2 days 10:15:00,2 days 20:10:00,2 days 23:51:00,USCA C-2,"[""Jared O'Brien\nChris Davis \n\n""]","[""Jami O'Brien\nTC Ana Davis""]",-2.823763907144894e-07,48.0369520138987,95.41028147811416,136.3800712475823,171.73363385935528,200.2825172006666,235.94094749363066,259.53735146187336,266.06332049717383,266.06332049717383,266.06332049717383
45,46,Tandem Unlimited,"Brady Lotz
Charles Cox

TC Charlene Lotz
TC John Reagan",1010,0 days 03:10:00,0 days 07:40:00,0 days 11:52:00,0 days 17:34:00,1 days 05:03:00,1 days 11:05:00,1 days 14:36:00,2 days 04:00:00,2 days 11:57:00,2 days 19:51:00,2 days 23:56:00,Tandem Unlimited,['Brady Lotz\nCharles Cox\n\n'],['Charlene Lotz\nTC John Reagan'],-2.823763907144894e-07,52.08325027381914,94.81757202875738,127.95838349905776,167.05289529958955,195.8148300091196,232.40204290810826,259.9114638253973,266.06332049717383,266.06332049717383,266.06332049717383
46,47,Unlimited,"Benton Mahaffey
Bolin Mahaffey
Logan Canter

TC Benton Mahaffey Sr
TC Joseph Makaitis",1,0 days 03:25:00,0 days 08:10:00,0 days 12:47:00,0 days 18:03:00,1 days 06:15:00,1 days 13:04:00,1 days 21:24:00,2 days 07:03:00,2 days 15:07:00,2 days 20:58:00,3 days 00:18:00,Unlimited,['Benton Mahaffey\nBolin Mahaffey\nLogan Canter\n\n'],['Benton Mahaffey Sr\nTC Joseph Makaitis'],-2.823763907144894e-07,48.81721700768895,92.88843145907653,123.25922667237725,153.96330309064385,181.39809651792822,220.4078057853049,257.0980500630029,266.06332049717383,266.06332049717383,266.06332049717383
47,48,Tandem Unlimited,"Ryan Stewart
Marsh Zurovec

TC Tabette Stewart
TC Robert Zurovec",8588,0 days 03:23:00,0 days 08:20:00,0 days 12:45:00,0 days 17:54:00,1 days 04:39:00,1 days 11:36:00,1 days 15:04:00,2 days 03:51:00,2 days 12:14:00,2 days 20:46:00,3 days 00:44:00,Tandem Unlimited,['Ryan Stewart\nMarsh Zurovec\n\n'],['Tabette Stewart\nTC Robert Zurovec'],-2.823763907144894e-07,48.410035406322834,94.20426381913187,128.87883417906409,165.84016913465317,195.98957657462992,231.41583703484514,257.1100605336856,266.06332049717383,266.06332049717383,266.06332049717383
48,49,Tandem Unlimited,"Blair  Severson
Anthony Garcia

TC Christopher Garcia
TC Nick Olney",1111,0 days 03:54:00,0 days 09:08:00,0 days 14:31:00,0 days 19:59:00,1 days 06:23:00,1 days 13:17:00,1 days 17:56:00,2 days 04:53:00,2 days 13:04:00,2 days 21:11:00,3 days 00:47:00,Tandem Unlimited,['Blair  Severson\nAnthony Garcia\n\n'],['Christopher Garcia\nTC Nick Olney'],-2.823763907144894e-07,43.94999931734608,87.02550519081659,122.65278419103473,157.21126096535085,191.41867554408,228.26835469096974,256.0176940713382,266.06332049717383,266.06332049717383,266.06332049717383
49,50,Novice,"Peter Vogt
Conor Steward

TC Anahi Villarruel
TC Kayla Weirich",1468,0 days 03:42:00,0 days 08:40:00,0 days 13:32:00,0 days 20:15:00,1 days 08:13:00,1 days 14:53:00,1 days 18:22:00,2 days 05:30:00,2 days 14:29:00,2 days 21:01:00,3 days 01:12:00,Novice,['Peter Vogt\nConor Steward\n\n'],['Anahi Villarruel\nTC Kayla Weirich'],-2.823763907144894e-07,46.27891960890354,86.00875246830662,117.15503522776524,153.52378165239992,189.45103667069364,223.78287725448416,256.12434062904737,266.06332049717383,266.06332049717383,266.06332049717383
50,51,Tandem Unlimited,"William Stafford
John Dupont

TC Shannon Jones
TC Darla Stafford",65,0 days 03:25:00,0 days 08:01:00,0 days 12:31:00,0 days 18:01:00,1 days 03:19:00,1 days 09:17:00,1 days 12:47:00,1 days 22:55:00,2 days 08:08:00,2 days 18:57:00,3 days 01:15:00,Tandem Unlimited,['William Stafford\nJohn Dupont\n\n'],['Shannon Jones\nTC Darla Stafford'],-2.823763907144894e-07,49.71654751801662,94.86797594278217,135.27128940809808,175.26045397081234,211.8386249686422,239.7057578844745,259.3605073131261,266.06332049717383,266.06332049717383,266.06332049717383
51,52,Aluminum,"Alex Roessler
Andrew Parker

TC Levi Wildman
TC Luke Knackstadt",1986,0 days 03:41:00,0 days 08:51:00,0 days 13:35:00,0 days 18:56:00,1 days 07:01:00,1 days 13:29:00,1 days 19:30:00,2 days 06:23:00,2 days 16:22:00,2 days 22:04:00,3 days 01:26:00,Aluminum,['Alex Roessler\nAndrew Parker\n\n'],['Levi Wildman\nTC Luke Knackstadt'],-2.823763907144894e-07,45.639603629499916,90.23695631007533,120.90098678750446,154.89033013338135,186.0445813762437,218.84096030319856,252.8269027043182,266.06332049717383,266.06332049717383,266.06332049717383
52,53,Unlimited,"Mike Smith
Stacy Greer
Rob Nichols
Jake Gibeaux
Hunter Hayes

TC Cindy Gibeaux
TC Trab Seyn",2024,0 days 03:08:00,0 days 07:39:00,0 days 12:09:00,0 days 19:45:00,1 days 05:53:00,1 days 11:57:00,1 days 18:44:00,2 days 04:52:00,2 days 14:15:00,2 days 22:30:00,3 days 01:41:00,Unlimited,['Mike Smith\nStacy Greer\nRob Nichols\nJake Gibeaux\nHunter Hayes\n\n'],['Cindy Gibeaux\nTC Trab Seyn'],-2.823763907144894e-07,51.39614302213454,87.88024736683059,124.49968382483459,157.39059221205636,190.6641730170577,224.90817931712965,251.80958244432145,266.06332049717383,266.06332049717383,266.06332049717383
53,54,Novice Women,"Katie Cunningham
Rachel Friedman

TC Thomas Martin
TC William Martin",125,0 days 03:44:00,0 days 08:41:00,0 days 13:27:00,0 days 19:52:00,1 days 06:46:00,1 days 12:57:00,1 days 17:47:00,2 days 04:49:00,2 days 13:38:00,2 days 21:43:00,3 days 01:47:00,Novice Women,['Katie Cunningham\nRachel Friedman\n\n'],['Thomas Martin\nTC William Martin'],-2.823763907144894e-07,46.32532353767427,87.41936639444285,121.41236654143998,157.8658765027903,191.72820224661447,226.58247471572997,253.9754350816547,266.06332049717383,266.06332049717383,266.06332049717383
54,55,Solo Unlimited Woman,"Samantha Binion

TC Rob Wytaske
TC Josie Wytaske",747,0 days 03:28:00,0 days 08:29:00,0 days 13:00:00,0 days 18:29:00,1 days 04:36:00,1 days 12:14:00,1 days 15:47:00,2 days 03:13:00,2 days 12:26:00,2 days 23:43:00,3 days 04:22:00,Solo Unlimited Woman,['Samantha Binion\n\n'],['Rob Wytaske\nTC Josie Wytaske'],-2.823763907144894e-07,47.553244284853,92.52092982671789,128.6076363008347,163.75659310299588,197.4659159987133,230.826849520128,249.9056595089525,266.06332049717383,266.06332049717383,266.06332049717383
55,56,Solo Unlimited Woman,"Salli O'Donnell

TC Mike Malone",5353,0 days 02:51:00,0 days 06:49:00,0 days 10:27:00,0 days 14:42:00,0 days 22:14:00,1 days 02:45:00,1 days 05:27:00,1 days 13:11:00,1 days 21:25:00,2 days 02:03:00,3 days 05:14:00,Solo Unlimited Woman,"[""Salli O'Donnell\n\n""]",['Mike Malone'],-2.823763907144894e-07,58.6916671134157,113.03394433706728,165.76728640761615,212.0709370418714,252.8457169240155,257.8260963980324,262.60591695846267,266.06332049717383,266.06332049717383,266.06332049717383
56,57,Solo Unlimited Man,"John D Chapman

TC Joshua Sarkardehi
TC Sam Evans",12,0 days 03:25:00,0 days 08:22:00,0 days 12:56:00,0 days 18:25:00,1 days 06:03:00,1 days 12:45:00,1 days 15:53:00,2 days 04:07:00,2 days 13:42:00,3 days 00:58:00,3 days 05:23:00,Solo Unlimited Man,['John D Chapman\n\n'],['Joshua Sarkardehi\nTC Sam Evans'],-2.823763907144894e-07,48.00407340250422,92.00907075526449,123.85924567809562,163.3937815895406,194.89868009970706,226.8239212871944,247.59331079691987,266.06332049717383,266.06332049717383,266.06332049717383
57,58,Standard,"Jeff Larsen
Mirko Pruefer

TC Keith Stone
TC Ron Popp",101,0 days 03:40:00,0 days 09:00:00,0 days 14:24:00,0 days 20:18:00,1 days 08:07:00,1 days 16:25:00,1 days 20:45:00,2 days 07:42:00,2 days 18:00:00,3 days 01:21:00,3 days 05:42:00,Standard,['Jeff Larsen\nMirko Pruefer\n\n'],['Keith Stone\nTC Ron Popp'],-2.823763907144894e-07,44.44872525510133,85.65825625199803,117.38147115024317,147.78412335026428,181.50478249336436,214.38505013134076,243.59000484231143,266.06332049717383,266.06332049717383,266.06332049717383
58,59,Unlimited,"Wack  Ezell
Avery Ezell
Bobby Sollock
Stuart Hines

TC Lee Ezell
TC Joey Zavesky",2727,0 days 04:06:00,0 days 09:43:00,0 days 14:59:00,0 days 21:17:00,1 days 08:53:00,1 days 15:11:00,1 days 22:38:00,2 days 08:48:00,2 days 18:42:00,3 days 01:17:00,3 days 06:06:00,Unlimited,['Wack  Ezell\nAvery Ezell\nBobby Sollock\nStuart Hines\n\n'],['Lee Ezell\nTC Joey Zavesky'],-2.823763907144894e-07,41.74040166460048,81.7265725580713,114.80864017667636,150.57337451777704,175.7889793372645,211.4914777361604,242.69661567833472,266.06332049717383,266.06332049717383,266.06332049717383
59,60,Unlimited,"Chris Kelter
Gabe Webber
Woody Green - out at Hochheim
Paul Alvarez - out at Hochheim

TC Joe Godin
TC Patrick Jacobsen",993,0 days 03:36:00,0 days 09:18:00,0 days 14:41:00,0 days 21:23:00,1 days 09:33:00,1 days 15:51:00,1 days 20:56:00,2 days 08:43:00,2 days 18:57:00,3 days 02:00:00,3 days 06:18:00,Unlimited,['Chris Kelter\nGabe Webber\nWoody Green - out at Hochheim\nPaul Alvarez - out at Hochheim\n\n'],['Joe Godin\nTC Patrick Jacobsen'],-2.823763907144894e-07,43.3118192074223,81.65547956167494,113.2073255333559,149.45293603970381,179.5983060856219,211.41823782299647,241.26888348771325,266.06332049717383,266.06332049717383,266.06332049717383
60,61,Unlimited,"Cody Hardin
Cody Fowler
Chris Withers 

TC Edwardo Geyer
TC Morgan Tiner",4,0 days 03:48:00,0 days 09:21:00,0 days 14:46:00,0 days 21:59:00,1 days 09:49:00,1 days 16:54:00,1 days 22:21:00,2 days 10:33:00,2 days 19:37:00,3 days 01:41:00,3 days 06:22:00,Unlimited,['Cody Hardin\nCody Fowler\nChris Withers \n\n'],['Edwardo Geyer\nTC Morgan Tiner'],-2.823763907144894e-07,43.105048851807,79.89718393186376,112.06780251511546,145.8610020911382,174.55693121601857,206.47746845276998,240.44173939928805,266.06332049717383,266.06332049717383,266.06332049717383
61,62,Aluminum,"Daniel Lee
Joanna Lehrmann

TC Ashley Lee
TC M'Lynn Johnson",806,0 days 03:39:00,0 days 08:35:00,0 days 13:10:00,0 days 19:12:00,1 days 07:06:00,1 days 13:56:00,1 days 18:28:00,2 days 05:40:00,2 days 16:14:00,3 days 01:27:00,3 days 06:34:00,Aluminum,['Daniel Lee\nJoanna Lehrmann\n\n'],"[""Ashley Lee\nTC M'Lynn Johnson""]",-2.823763907144894e-07,47.00282089772692,89.45704203350655,120.59348754630224,155.41620061274023,188.94963011714248,219.96975494081119,245.28436360157764,266.06332049717383,266.06332049717383,266.06332049717383
62,63,Novice,"Juan Castro
Seiji Williams

TC Cameron Coday
TC Juan Casto Sr",70,0 days 04:06:00,0 days 09:31:00,0 days 15:15:00,0 days 23:19:00,1 days 10:14:00,1 days 19:12:00,1 days 23:02:00,2 days 10:29:00,2 days 19:37:00,3 days 01:52:00,3 days 06:39:00,Novice,['Juan Castro\nSeiji Williams\n\n'],['Cameron Coday\nTC Juan Casto Sr'],-2.823763907144894e-07,42.36920492296802,76.3905731421848,109.65009652111033,140.11054376473544,173.01210022907208,206.6657380170201,240.20204674039,266.06332049717383,266.06332049717383,266.06332049717383
63,64,Solo Unlimited Man,"BJ Dobbs

TC Crystal Dobbs
TC Marcuss Niswonger",6988,0 days 03:54:00,0 days 09:00:00,0 days 14:46:00,0 days 20:19:00,1 days 08:18:00,1 days 15:15:00,1 days 22:53:00,2 days 08:50:00,2 days 21:13:00,3 days 02:44:00,3 days 06:47:00,Solo Unlimited Man,['BJ Dobbs\n\n'],['Crystal Dobbs\nTC Marcuss Niswonger'],-2.823763907144894e-07,44.206009141789494,85.49853637498185,116.90691507550349,150.41440400050942,175.09852862704602,209.4186362548776,235.22384129495262,266.06332049717383,266.06332049717383,266.06332049717383
64,65,Unlimited,"Cliff De La Cerda
Daniela De La Cerda
Dennis Hall II

TC Kyla Casares
TC Adam Casares",13,0 days 03:52:00,0 days 09:30:00,0 days 15:10:00,0 days 23:12:00,1 days 10:35:00,1 days 18:07:00,2 days 00:44:00,2 days 10:43:00,2 days 20:36:00,3 days 02:36:00,3 days 07:10:00,Unlimited,['Cliff De La Cerda\nDaniela De La Cerda\nDennis Hall II\n\n'],['Kyla Casares\nTC Adam Casares'],-2.823763907144894e-07,42.4502760590252,76.7202391508421,109.09989948966088,142.00979057684583,167.91623350673035,205.55397074345197,237.1236798649555,266.06332049717383,266.06332049717383,266.06332049717383
65,66,Tandem Unlimited,"Roger Barrett
Dakota Barrett

TC Jennifer Barrett
TC Cheyenne Barrett",7402,0 days 03:41:00,0 days 08:49:00,0 days 13:27:00,0 days 20:38:00,1 days 07:12:00,1 days 16:58:00,1 days 21:12:00,2 days 07:00:00,2 days 18:19:00,3 days 02:07:00,3 days 08:10:00,Tandem Unlimited,['Roger Barrett\nDakota Barrett\n\n'],['Jennifer Barrett\nTC Cheyenne Barrett'],-2.823763907144894e-07,45.89598953023237,84.69834228191284,119.81065640833069,146.563680415268,181.90344526185712,215.1326875566268,242.09251528701566,265.70538260304795,266.06332049717383,266.06332049717383
66,67,Solo Unlimited Man,"Justin Brzozowske

TC Carole Brzozowske
TC Brett Bolting",1966,0 days 03:38:00,0 days 08:51:00,0 days 14:38:00,0 days 20:15:00,1 days 08:41:00,1 days 15:50:00,1 days 20:13:00,2 days 07:00:00,2 days 18:10:00,3 days 01:51:00,3 days 08:15:00,Solo Unlimited Man,['Justin Brzozowske\n\n'],['Carole Brzozowske\nTC Brett Bolting'],-2.823763907144894e-07,44.73034462178602,85.82125490452137,116.0219394537868,149.57202138521785,183.69658672964835,215.314910296105,242.64772743754096,265.5557757488625,266.06332049717383,266.06332049717383
67,68,Unlimited,"Spencer Fuller
Janae Fuller - out at Fentress
Kate Fuller

TC Hunter Harrison",514,0 days 03:47:00,0 days 09:21:00,0 days 14:49:00,0 days 20:20:00,1 days 08:29:00,1 days 17:22:00,1 days 21:28:00,2 days 09:41:00,2 days 18:57:00,3 days 02:45:00,3 days 08:27:00,Unlimited,['Spencer Fuller\nJanae Fuller - out at Fentress\nKate Fuller\n\n'],['Hunter Harrison'],-2.823763907144894e-07,43.08242458864177,85.4119604652199,116.44537837181292,145.19073652620196,177.32792971028195,209.24301240202828,240.4036445711097,265.0375458479552,266.06332049717383,266.06332049717383
68,69,Solo Unlimited Man,"John Knippers

TC Colton Moore
TC Felicity Mayden",1928,0 days 03:52:00,0 days 09:28:00,0 days 17:32:00,1 days 00:55:00,1 days 11:38:00,1 days 18:27:00,2 days 01:23:00,2 days 11:32:00,2 days 23:04:00,3 days 05:08:00,3 days 09:57:00,Solo Unlimited Man,['John Knippers\n\n'],['Colton Moore\nTC Felicity Mayden'],-2.823763907144894e-07,41.99432010445569,69.83784964670478,104.54151192727169,140.04709165155717,165.36779541381608,202.8095422263324,229.43079812576363,260.80311970083466,266.06332049717383,266.06332049717383
69,70,Solo Unlimited Man,"Tony Kusbel

TC Marisol Kusbel",1982,0 days 04:02:00,0 days 09:19:00,0 days 14:13:00,0 days 20:11:00,1 days 11:27:00,1 days 19:45:00,2 days 01:27:00,2 days 16:07:00,3 days 00:10:00,3 days 05:34:00,3 days 10:03:00,Solo Unlimited Man,['Tony Kusbel\n\n'],['Marisol Kusbel'],-2.823763907144894e-07,43.506095125239234,86.17580262975042,110.79128580773795,137.73523252677398,164.47151165940923,190.74946109857078,224.0066024102715,260.12221676675506,266.06332049717383,266.06332049717383
70,71,Novice,"Travis Ballew
Wesley Ballew

TC Janet Thrower",1096,0 days 03:50:00,0 days 09:10:00,0 days 14:04:00,0 days 21:53:00,1 days 08:52:00,1 days 18:36:00,1 days 22:03:00,2 days 09:59:00,2 days 20:59:00,3 days 04:27:00,3 days 10:12:00,Novice,['Travis Ballew\nWesley Ballew\n\n'],['Janet Thrower'],-2.823763907144894e-07,44.13711198903121,80.76884833518892,114.34777171574615,142.35634574519275,175.78350827412763,207.19613361509423,235.10251113741901,261.09203002327945,266.06332049717383,266.06332049717383
71,72,Tandem Unlimited,"Lee Lichlyter
Bruce Beall

TC RoxAnne Lichlyter
TC Jennifer Beall",6,0 days 03:33:00,0 days 08:27:00,0 days 13:27:00,0 days 19:23:00,1 days 06:16:00,1 days 12:50:00,1 days 18:23:00,2 days 05:48:00,2 days 19:05:00,3 days 02:07:00,3 days 10:33:00,Tandem Unlimited,['Lee Lichlyter\nBruce Beall\n\n'],['RoxAnne Lichlyter\nTC Jennifer Beall'],-2.823763907144894e-07,47.02156018640923,89.06557156235792,123.11062837114218,157.02022884746606,188.73897418831666,215.89793668890763,240.8958983579733,262.1345630462139,266.06332049717383,266.06332049717383
72,73,Unlimited,"Joe Hunt
Joe Roppolo
John Wooldridge
James Hunt

TC Patty Hunt
TC Alyssa Wooldridge",1775,0 days 04:06:00,0 days 10:15:00,0 days 15:20:00,0 days 22:32:00,1 days 10:08:00,1 days 18:08:00,1 days 23:32:00,2 days 10:36:00,2 days 20:29:00,3 days 02:49:00,3 days 11:33:00,Unlimited,['Joe Hunt\nJoe Roppolo\nJohn Wooldridge\nJames Hunt\n\n'],['Patty Hunt\nTC Alyssa Wooldridge'],-2.823763907144894e-07,39.66966030226736,77.9159879512265,110.81592787492778,142.367771196403,171.61668662639087,205.9164029063998,237.25139778890076,260.7817556048229,266.06332049717383,266.06332049717383
73,74,Tandem Unlimited,"Cody Smith
Scout Smith

TC Josh Hernandez
TC Jessica Smith",1340,0 days 03:39:00,0 days 08:41:00,0 days 14:23:00,1 days 00:17:00,1 days 13:59:00,1 days 23:33:00,2 days 03:17:00,2 days 18:21:00,3 days 02:00:00,3 days 07:23:00,3 days 11:34:00,Tandem Unlimited,['Cody Smith\nScout Smith\n\n'],['Josh Hernandez\nTC Jessica Smith'],-2.823763907144894e-07,45.392995454784845,75.83748725658388,102.42715189729775,129.29311382833586,158.21854046814275,185.32372342602176,216.21644748496536,254.98549918582458,266.06332049717383,266.06332049717383
74,75,USCA C-2,"David Hester
Trent Hester

TC Amy Hester
TC Kim Hester",4508,0 days 03:26:00,0 days 08:31:00,0 days 14:18:00,0 days 22:10:00,1 days 08:44:00,1 days 19:11:00,2 days 00:14:00,2 days 13:27:00,3 days 00:17:00,3 days 06:00:00,3 days 11:49:00,USCA C-2,['David Hester\nTrent Hester\n\n'],['Amy Hester\nTC Kim Hester'],-2.823763907144894e-07,45.91842632498706,79.88182979818987,114.43397177940187,141.41798273072249,168.1779838427038,197.3388861207141,225.79911274403713,257.537732151901,266.06332049717383,266.06332049717383
75,76,Aluminum,"Alex Daresh
Dalton Reynolds

TC Daniella Norman
TC Darryll Daresh",8004,0 days 04:02:00,0 days 09:35:00,0 days 14:58:00,0 days 21:37:00,1 days 11:16:00,1 days 21:40:00,2 days 02:26:00,2 days 13:49:00,2 days 23:36:00,3 days 06:44:00,3 days 11:56:00,Aluminum,['Alex Daresh\nDalton Reynolds\n\n'],['Daniella Norman\nTC Darryll Daresh'],-2.823763907144894e-07,42.226913020551876,80.71304300568681,109.72234396341588,135.40659532633057,161.7547708277958,195.41645826336241,227.2490947462032,256.2351719350021,266.06332049717383,266.06332049717383
76,77,Novice,"Kevin Koepp
Justin Moorhead

TC Kristi Koepp
TC Alyssa Moorhead",8008,0 days 03:30:00,0 days 08:45:00,0 days 14:05:00,0 days 22:49:00,1 days 11:36:00,1 days 21:38:00,2 days 01:37:00,2 days 16:09:00,3 days 01:15:00,3 days 08:00:00,3 days 12:24:00,Novice,['Kevin Koepp\nJustin Moorhead\n\n'],['Kristi Koepp\nTC Alyssa Moorhead'],-2.823763907144894e-07,45.46268560914979,78.67046915916572,107.78694978108496,134.991484711729,164.0427873161128,190.5618188602208,221.30497668217535,253.07017494040437,266.06332049717383,266.06332049717383
77,78,Tandem Unlimited,"Clint Simmons
Kenney Howitt

TC Rachel Simmons
TC Jennifer Howitt",727,0 days 03:38:00,0 days 08:31:00,0 days 14:12:00,0 days 19:15:00,1 days 08:16:00,1 days 17:43:00,1 days 21:55:00,2 days 13:11:00,3 days 01:31:00,3 days 07:31:00,3 days 12:27:00,Tandem Unlimited,['Clint Simmons\nKenney Howitt\n\n'],['Rachel Simmons\nTC Jennifer Howitt'],-2.823763907144894e-07,46.011452077114534,89.10102608161247,117.56635527000701,144.49483958944296,173.33467767730633,198.57986927824757,223.51584286227109,254.34315203887164,266.06332049717383,266.06332049717383
78,79,Unlimited,"Nick Shock
Leif Shock
Tim Wilson

TC Jada Shock
TC Millie Wilson",7001,0 days 04:01:00,0 days 09:25:00,0 days 14:38:00,0 days 20:51:00,1 days 08:48:00,1 days 17:39:00,2 days 00:59:00,2 days 12:20:00,2 days 21:53:00,3 days 07:52:00,3 days 12:30:00,Unlimited,['Nick Shock\nLeif Shock\nTim Wilson\n\n'],['Jada Shock\nTC Millie Wilson'],-2.823763907144894e-07,42.93645512359812,83.4492530656563,115.33676965324238,144.3751648785328,166.47850130245357,200.43532289784588,232.51346792581688,253.44407840966392,266.06332049717383,266.06332049717383
79,80,Tandem Unlimited,"Benjamin  Peck
Brandon Smith

TC Pat Egan
TC Scott Henize",3141,0 days 03:46:00,0 days 09:02:00,0 days 14:25:00,0 days 22:15:00,1 days 10:06:00,1 days 21:07:00,2 days 02:55:00,2 days 17:50:00,3 days 02:36:00,3 days 08:41:00,3 days 13:07:00,Tandem Unlimited,['Benjamin  Peck\nBrandon Smith\n\n'],['Pat Egan\nTC Scott Henize'],-2.823763907144894e-07,44.332907383300345,79.57805144995667,111.19868915550046,137.4189433080407,160.8157950277898,186.49532043843388,216.15998396814095,250.73376172506164,266.06332049717383,266.06332049717383
80,81,Solo Unlimited Man,"Keith Campros

TC Bonnie Blackburn
TC Cameron Fanning",1337,0 days 03:53:00,0 days 09:09:00,0 days 14:18:00,0 days 20:15:00,1 days 07:35:00,1 days 16:25:00,1 days 20:34:00,2 days 09:24:00,2 days 20:59:00,3 days 04:12:00,3 days 13:15:00,Solo Unlimited Man,['Keith Campros\n\n'],['Bonnie Blackburn\nTC Cameron Fanning'],-2.823763907144894e-07,44.033644283209874,85.88539336323069,118.84206248620748,147.85996403572457,179.343579711049,208.45886639192585,235.20062126613897,258.52586036755616,266.06332049717383,266.06332049717383
81,82,USCA C-2,"Ryan Tedrow
Marcus Monroe

TC Mandy Tedrow
TC Teressa Monroe",8181,0 days 03:49:00,0 days 09:10:00,0 days 14:48:00,0 days 21:22:00,1 days 09:25:00,1 days 22:57:00,2 days 02:53:00,2 days 13:47:00,3 days 02:34:00,3 days 09:10:00,3 days 13:18:00,USCA C-2,['Ryan Tedrow\nMarcus Monroe\n\n'],['Mandy Tedrow\nTC Teressa Monroe'],-2.823763907144894e-07,43.68075528280427,81.6129320272834,113.51263779358597,136.190401194882,159.88530301625573,195.26158056164883,221.30211738046143,249.3934468268292,266.06332049717383,266.06332049717383
82,83,Novice,"Parker Carnes
Nick Chudzinski

TC Mitch Carnes
TC Ana Chudzinski",248,0 days 04:02:00,0 days 09:28:00,0 days 14:26:00,0 days 21:12:00,1 days 09:09:00,1 days 18:35:00,1 days 23:32:00,2 days 12:00:00,3 days 00:47:00,3 days 08:24:00,3 days 13:30:00,Novice,['Parker Carnes\nNick Chudzinski\n\n'],['Mitch Carnes\nTC Ana Chudzinski'],-2.823763907144894e-07,42.844962616941146,82.40468767591499,114.25155379080896,142.1879919234725,170.6519823167179,201.5672169510256,225.5853513479049,251.97784533767168,266.06332049717383,266.06332049717383
83,84,Novice,"Thomas Fisher
John Chaney

TC Avery Williams
TC Brook Madry",369,0 days 04:01:00,0 days 09:18:00,0 days 14:47:00,1 days 00:40:00,1 days 12:19:00,1 days 21:10:00,2 days 02:05:00,2 days 14:14:00,3 days 00:59:00,3 days 08:27:00,3 days 13:31:00,Novice,['Thomas Fisher\nJohn Chaney\n\n'],['Avery Williams\nTC Brook Madry'],-2.823763907144894e-07,43.26293732666218,74.82109282260656,103.92858483493296,134.4324403027257,162.78917376674593,194.4828644181817,223.74967078152017,251.8166170006612,266.06332049717383,266.06332049717383
84,85,USCA C-2,"Seth Hensarling
Trevor Bohl

TC Katie Hensarling
TC Joanne Mae",33,0 days 03:50:00,0 days 09:11:00,0 days 14:31:00,0 days 22:16:00,1 days 09:49:00,1 days 17:59:00,1 days 22:53:00,2 days 11:02:00,3 days 00:42:00,3 days 08:50:00,3 days 13:33:00,USCA C-2,['Seth Hensarling\nTrevor Bohl\n\n'],['Katie Hensarling\nTC Joanne Mae'],-2.823763907144894e-07,43.78786168316857,79.4432948460667,111.77463974651647,142.96352686665278,172.9125970047465,203.7389054200898,226.20464820351225,250.9390503312478,266.06332049717383,266.06332049717383
85,86,Novice,"Russell Peterson
Patrick Edwards

TC Nina Martinez
TC Rosie Zander",500,0 days 04:05:00,0 days 09:56:00,0 days 15:35:00,1 days 00:42:00,1 days 12:39:00,1 days 23:01:00,2 days 02:29:00,2 days 13:51:00,3 days 00:42:00,3 days 08:50:00,3 days 13:53:00,Novice,['Russell Peterson\nPatrick Edwards\n\n'],['Nina Martinez\nTC Rosie Zander'],-2.823763907144894e-07,40.87468655164848,73.705709940693,103.39939516647473,132.10429939555326,161.07625471730057,195.29441611716123,224.62997563330092,250.9390503312478,266.06332049717383,266.06332049717383
86,87,Novice,"Brendon  Hale
Wyatt Monney

TC Andy Parker
TC Heather Hale",316,0 days 03:49:00,0 days 09:31:00,0 days 14:47:00,0 days 21:59:00,1 days 09:00:00,1 days 22:03:00,2 days 02:06:00,2 days 12:43:00,3 days 00:22:00,3 days 07:23:00,3 days 14:10:00,Novice,['Brendon  Hale\nWyatt Monney\n\n'],['Andy Parker\nTC Heather Hale'],-2.823763907144894e-07,42.52318207791206,79.88082063913085,113.92859242435752,137.4401185491416,162.68089136032805,198.9655486967664,226.0331286317609,254.25136999101977,266.06332049717383,266.06332049717383
87,88,Novice,"Shaw Butler
Edwin Ault

TC Corwin Ames
TC Sara Buffington",6305,0 days 04:03:00,0 days 09:30:00,0 days 14:55:00,0 days 21:51:00,1 days 09:56:00,1 days 18:29:00,1 days 23:29:00,2 days 13:50:00,3 days 01:07:00,3 days 07:38:00,3 days 14:47:00,Novice,['Shaw Butler\nEdwin Ault\n\n'],['Corwin Ames\nTC Sara Buffington'],-2.823763907144894e-07,42.53422128886902,80.10295207354427,111.95731123158764,141.77271231641083,169.78544612332888,196.64328062560782,223.7896085078428,253.73649009716178,266.06332049717383,266.06332049717383
88,89,USCA C-2,"Timothy Odom
Clint Sutherland

TC Kristi Odom
TC Steve Conlon",206,0 days 04:04:00,0 days 10:09:00,0 days 15:36:00,0 days 22:03:00,1 days 09:52:00,1 days 23:29:00,2 days 02:45:00,2 days 18:24:00,3 days 03:41:00,3 days 10:17:00,3 days 14:57:00,USCA C-2,['Timothy Odom\nClint Sutherland\n\n'],['Kristi Odom\nTC Steve Conlon'],-2.823763907144894e-07,40.048057099207135,78.79109313710075,111.89416668363694,135.2889979473005,159.81515536797235,185.80604429486397,213.47365729153964,245.8742927752644,266.06332049717383,266.06332049717383
89,90,Aluminum,"Tate  Lowe
Cody Stansberry 

TC Carla Jesseph
TC Denise Sedlock",123,0 days 04:04:00,0 days 10:12:00,0 days 16:01:00,0 days 22:25:00,1 days 11:56:00,1 days 21:38:00,2 days 02:29:00,2 days 13:59:00,3 days 01:24:00,3 days 10:08:00,3 days 15:03:00,Aluminum,['Tate  Lowe\nCody Stansberry \n\n'],['Carla Jesseph\nTC Denise Sedlock'],-2.823763907144894e-07,39.85992991608525,77.25360117386481,107.75383098299241,134.5087097979327,161.63243164859009,194.92029215568988,223.1266774586594,247.9893135821465,266.06332049717383,266.06332049717383
90,91,Aluminum,"Levi  Massicotte 
Stormy Massicotte

TC Toni McCornack",1417,0 days 04:02:00,0 days 09:26:00,0 days 14:31:00,0 days 22:19:00,1 days 09:58:00,1 days 22:32:00,2 days 02:45:00,2 days 14:55:00,3 days 02:34:00,3 days 10:52:00,3 days 16:00:00,Aluminum,['Levi  Massicotte \nStormy Massicotte\n\n'],['Toni McCornack'],-2.823763907144894e-07,42.929329620228636,79.32663706049115,111.40266808613752,136.0315856912743,160.53859780718236,192.3279379244711,220.23510288336402,245.88631649887162,266.06332049717383,266.06332049717383
91,92,Standard,"Douglas Mallard
Ethan Grothues

TC Kim Huebner
TC Dan Huebner",1313,0 days 03:28:00,0 days 09:05:00,0 days 14:15:00,1 days 00:05:00,1 days 14:19:00,2 days 01:30:00,2 days 05:08:00,2 days 20:16:00,3 days 05:21:00,3 days 13:13:00,3 days 17:58:00,Standard,['Douglas Mallard\nEthan Grothues\n\n'],['Kim Huebner\nTC Dan Huebner'],-2.823763907144894e-07,44.28864650470886,76.28518691185647,102.36845825065683,127.78480885256009,150.9649121899512,180.51398756188237,207.42617274481847,239.27710302087004,266.06332049717383,266.06332049717383
92,93,Aluminum,"Alberto Nava
Alberto Nava

TC Joseph Clarke
TC Rosanna Nava",5000,0 days 04:18:00,0 days 10:12:00,0 days 16:21:00,0 days 23:27:00,1 days 12:04:00,1 days 20:44:00,2 days 01:36:00,2 days 14:53:00,3 days 02:30:00,3 days 10:51:00,3 days 18:00:00,Aluminum,['Alberto Nava\nAlberto Nava\n\n'],['Joseph Clarke\nTC Rosanna Nava'],-2.823763907144894e-07,39.8294173183022,74.46767723306061,106.20203322599565,135.3745161748556,164.1868063979197,193.20135533952842,220.37677022263617,245.97085013462006,266.06332049717383,266.06332049717383
93,94,Unlimited,"Mateo Garcia Olazabal
Phillip Hanson
Rhys Challicombe

TC Clementina Calvo
TC Gilberto Arpero",2016,0 days 03:57:00,0 days 09:51:00,0 days 18:01:00,1 days 00:26:00,1 days 13:34:00,1 days 23:51:00,2 days 05:47:00,2 days 20:27:00,3 days 06:30:00,3 days 13:13:00,3 days 18:15:00,Unlimited,['Mateo Garcia Olazabal\nPhillip Hanson\nRhys Challicombe\n\n'],['Clementina Calvo\nTC Gilberto Arpero'],-2.823763907144894e-07,41.010072864017616,69.19494545328851,102.67106501369581,129.93936165801227,154.10819165848164,179.3623496749341,206.30253354766407,236.9155100619423,265.41796558541375,266.06332049717383
94,95,Novice,"Chris Wolff
Dane Wolff

TC Lacy Wolff
TC Jack Wolff",5755,0 days 03:52:00,0 days 09:03:00,0 days 14:30:00,0 days 23:28:00,1 days 09:20:00,1 days 18:46:00,2 days 01:37:00,2 days 14:58:00,3 days 06:28:00,3 days 13:26:00,3 days 19:29:00,Novice,['Chris Wolff\nDane Wolff\n\n'],['Lacy Wolff\nTC Jack Wolff'],-2.823763907144894e-07,44.224592410515115,77.02177548540092,111.50080393101149,141.7017037262015,164.1328946371938,193.00255194863223,215.49919837177023,236.8483399250216,262.8776732394535,266.06332049717383
95,96,Unlimited,"Johnny  Garcia
Annika Garcia
Jeremiah Juan Gonzalez
Nathan Russell
Jeremiah Bretches
Matt Forsberg

TC S Nicole Garcia
TC Rebecca Barrilleaux",325,0 days 03:33:00,0 days 09:45:00,0 days 16:10:00,0 days 22:33:00,1 days 15:02:00,2 days 00:57:00,2 days 05:12:00,2 days 19:04:00,3 days 06:44:00,3 days 14:20:00,3 days 21:18:00,Unlimited,['Johnny  Garcia\nAnnika Garcia\nJeremiah Juan Gonzalez\nNathan Russell\nJeremiah Bretches\nMatt Forsberg\n\n'],['S Nicole Garcia\nTC Rebecca Barrilleaux'],-2.823763907144894e-07,41.43457511784131,76.69097951854303,103.71274869948128,126.45759035561474,152.49559687353172,181.92613422919075,209.28687409031974,235.73702811926432,259.908672601862,266.06332049717383
96,97,Tandem Unlimited,"Dylan Grant
Tristan Jackson

TC Charles Chain
TC Heather Leard",2316,0 days 04:13:00,0 days 09:54:00,0 days 16:40:00,1 days 00:50:00,1 days 12:06:00,1 days 23:52:00,2 days 04:50:00,2 days 18:44:00,3 days 04:52:00,3 days 15:32:00,3 days 21:19:00,Tandem Unlimited,['Dylan Grant\nTristan Jackson\n\n'],['Charles Chain\nTC Heather Leard'],-2.823763907144894e-07,40.93609157653855,71.7432297233019,103.95759791566385,132.31182052893476,155.04763969092878,182.89747957170763,211.46495319047642,238.38033300948817,258.61192001937235,266.06332049717383
97,98,Tandem Unlimited,"Mason Kleinecke
Eric Sullivan

TC Kiersten Kleinecke
TC Stephen Mayo",402,0 days 04:08:00,0 days 09:42:00,0 days 15:19:00,0 days 23:50:00,1 days 15:17:00,1 days 23:39:00,2 days 04:02:00,2 days 19:00:00,3 days 06:14:00,3 days 17:06:00,3 days 21:25:00,Tandem Unlimited,['Mason Kleinecke\nEric Sullivan\n\n'],['Kiersten Kleinecke\nTC Stephen Mayo'],-2.823763907144894e-07,41.732465463575316,75.38895887364424,101.75509830109556,126.16179284846893,156.53842691964437,183.54136299275888,209.76687974734895,235.65195746001945,255.77917053911307,266.06332049717383
98,99,Tandem Unlimited,"Bryan Moczygemba
Steven Stone

TC Keith Olenick
TC Nicholas Moczygemba",1099,0 days 04:03:00,0 days 09:39:00,0 days 15:22:00,0 days 22:17:00,1 days 12:15:00,1 days 23:13:00,2 days 03:09:00,2 days 18:00:00,3 days 04:16:00,3 days 16:31:00,3 days 21:34:00,Tandem Unlimited,['Bryan Moczygemba\nSteven Stone\n\n'],['Keith Olenick\nTC Nicholas Moczygemba'],-2.823763907144894e-07,41.89349647332639,78.47495021132693,107.43778198220251,132.5745620297013,158.93710032221813,185.9950987648558,213.52949557596483,238.60937816391038,256.88664343727726,266.06332049717383
99,100,USCA C-2,"Stephen Beck - out at Palmetto
Andy Armendariz

TC Roman Manzano
TC Kendra Alaniz",4747,0 days 03:14:00,0 days 07:44:00,0 days 11:44:00,0 days 21:10:00,1 days 09:21:00,1 days 20:12:00,2 days 03:50:00,2 days 20:15:00,3 days 06:26:00,3 days 18:07:00,3 days 22:20:00,USCA C-2,['Stephen Beck - out at Palmetto\nAndy Armendariz\n\n'],['Roman Manzano\nTC Kendra Alaniz'],-2.823763907144894e-07,52.31228602438067,83.78502881874762,113.8303619395694,139.3544005804299,159.66714393572252,182.19890091769435,206.8435411562975,235.0595270880243,252.8624738943308,266.06332049717383
100,101,Mixed Tandem Unlimited,"Tammy Gorman
Jason Gorman

TC Kellie Martini
TC Dave Martini",16,0 days 04:06:00,0 days 09:45:00,0 days 17:55:00,1 days 00:10:00,1 days 13:21:00,2 days 00:04:00,2 days 04:13:00,2 days 20:59:00,3 days 06:17:00,3 days 18:12:00,3 days 22:26:00,Mixed Tandem Unlimited,['Tammy Gorman\nJason Gorman\n\n'],['Kellie Martini\nTC Dave Martini'],-2.823763907144894e-07,41.26247960953441,69.8184956616813,103.36098044568062,130.20583149194465,155.5557961871297,180.9175201684161,204.923657972611,235.26673014957183,252.72108778764294,266.06332049717383
101,102,Mixed Tandem Unlimited,"Kyle LaRochelle
Jennifer LARochelle

TC Karri Reich",2006,0 days 04:05:00,0 days 09:44:00,0 days 16:41:00,0 days 23:50:00,1 days 13:24:00,2 days 00:02:00,2 days 04:20:00,2 days 20:56:00,3 days 06:16:00,3 days 18:13:00,3 days 22:26:00,Mixed Tandem Unlimited,['Kyle LaRochelle\nJennifer LARochelle\n\n'],['Karri Reich'],-2.823763907144894e-07,41.42237756782542,73.17607370687323,103.80811282894965,130.13666450173258,155.43692768371398,180.826281222338,205.07615201434112,235.2873816326908,252.69305208069756,266.06332049717383
102,103,Tandem Unlimited,"Alexander Canizaro
William Brown

TC Benjamin Sutin
TC Georgia Picciandra",9999,0 days 04:30:00,0 days 10:17:00,0 days 16:41:00,1 days 01:25:00,1 days 14:32:00,2 days 00:48:00,2 days 05:37:00,2 days 19:22:00,3 days 05:24:00,3 days 18:57:00,3 days 22:48:00,Tandem Unlimited,['Alexander Canizaro\nWilliam Brown\n\n'],['Benjamin Sutin\nTC Georgia Picciandra'],-2.823763907144894e-07,39.47231063663213,71.01293940533446,99.91326971403612,127.59303057420844,152.52463353042526,180.91858823616445,209.62552712550018,236.26149972049438,251.6118880491793,266.06332049717383
103,104,Novice,"Von Dreier
Ryan Pantaleano

TC Mike Panteleano
TC Amy Dreier",2112,0 days 04:06:00,0 days 09:54:00,0 days 15:59:00,0 days 23:35:00,1 days 14:08:00,1 days 23:51:00,2 days 04:23:00,2 days 20:04:00,3 days 05:53:00,3 days 18:27:00,3 days 23:14:00,Novice,['Von Dreier\nRyan Pantaleano\n\n'],['Mike Panteleano\nTC Amy Dreier'],-2.823763907144894e-07,40.97031015753209,74.83869018484361,103.30651873118546,128.82541708933923,155.67329601231845,181.74379466068257,207.6140235541924,235.77380933267787,252.32535536877978,266.06332049717383
104,105,Unlimited,"Tim League
Ted Held
Luke Dryer
Ben Siewert

TC Karrie League
TC Sewah Archer",665,0 days 03:36:00,0 days 08:53:00,0 days 13:55:00,0 days 20:49:00,1 days 10:18:00,1 days 23:34:00,2 days 05:19:00,2 days 19:30:00,3 days 07:08:00,3 days 19:39:00,4 days 00:16:00,Unlimited,['Tim League\nTed Held\nLuke Dryer\nBen Siewert\n\n'],['Karrie League\nTC Sewah Archer'],-2.823763907144894e-07,45.20459379172273,83.9218006467971,112.20204228653111,134.76904234098595,154.95894340351938,181.18713865508363,208.16532192323422,233.71059630715231,250.32826037002962,266.06332049717383
105,106,Solo Unlimited Woman,"Veronica Sosa

TC Rachele Powell",1670,0 days 04:35:00,0 days 10:25:00,0 days 16:29:00,1 days 00:56:00,1 days 14:32:00,2 days 00:48:00,2 days 05:37:00,2 days 19:21:00,3 days 06:05:00,3 days 20:47:00,4 days 01:13:00,Solo Unlimited Woman,['Veronica Sosa\n\n'],['Rachele Powell'],-2.823763907144894e-07,38.94143845220766,71.94926634420695,100.76995056982231,127.59303057420844,152.52463353042526,180.94030226989736,209.14766090574253,234.98238771344597,249.1318953225399,266.06332049717383
106,DNF,,"Forrest Fauth
Bret Biggart - out at SWB

TC Mark Mariano
TC Ace Mariano",133,0 days 03:27:00,0 days 08:23:00,0 days 12:58:00,0 days 18:46:00,1 days 06:23:00,1 days 13:09:00,1 days 19:13:00,2 days 07:45:00,2 days 22:41:00,3 days 07:49:00,,,['Forrest Fauth\nBret Biggart - out at SWB\n\n'],['Mark Mariano\nTC Ace Mariano'],-2.823763907144894e-07,47.90230675447768,90.89995048409952,122.7958214972073,155.61057603571805,183.8855116103132,210.3052876653367,230.865454051951,253.07017494040437,253.07017494040437,253.07017494040437
107,DNF,,"Olivia Palomares
Aaron Fides
Edgar Quintana

TC Joseph Kouba
TC Erika Palomares",6666,0 days 03:33:00,0 days 08:45:00,0 days 14:03:00,0 days 19:28:00,1 days 08:07:00,1 days 18:34:00,1 days 22:53:00,2 days 08:48:00,2 days 22:27:00,3 days 03:48:00,,,['Olivia Palomares\nAaron Fides\nEdgar Quintana\n\n'],['Joseph Kouba\nTC Erika Palomares'],-2.823763907144894e-07,45.49307065860518,88.52828165615517,117.81869285001041,142.89454463115018,175.13910780078314,208.76503246551897,231.25820594831066,253.07017494040437,253.07017494040437,253.07017494040437
108,DNF,C-2,"Alan Lindsey
Felicia Ziegler

TC Jeff Davis
TC Dennis Lindsey",138,0 days 03:14:00,0 days 07:52:00,0 days 11:59:00,0 days 17:08:00,1 days 02:08:00,1 days 08:44:00,1 days 11:50:00,1 days 22:53:00,,,,USCA C-2,['Alan Lindsey\nFelicia Ziegler\n\n'],['Jeff Davis\nTC Dennis Lindsey'],-2.823763907144894e-07,51.31361597031277,98.76799244351812,138.6776966812801,177.5590270461265,201.5672169510256,201.5672169510256,201.5672169510256,201.5672169510256,201.5672169510256,201.5672169510256
109,DNF,,"Timothy Clark
John Ruiz

TC Rebecca Clark
TC Beth Murguia",52,0 days 04:09:00,0 days 09:54:00,0 days 19:24:00,1 days 01:40:00,1 days 18:19:00,2 days 01:25:00,2 days 07:56:00,,,,,,['Timothy Clark\nJohn Ruiz\n\n'],['Rebecca Clark\nTC Beth Murguia'],-2.823763907144894e-07,40.84844398311651,63.70737194378925,96.60938589364304,118.86306166555107,150.29217751853793,163.02622444025533,163.02622444025533,163.02622444025533,163.02622444025533,163.02622444025533
110,DNF,Unlimited Man,"Daniel Baumbach

TC Rob Tatrow
TC Gary Robinson",71,0 days 02:45:00,0 days 06:44:00,0 days 10:32:00,0 days 14:57:00,0 days 23:29:00,1 days 04:49:00,1 days 08:16:00,,,,,Solo Unlimited Man,['Daniel Baumbach\n\n'],['Rob Tatrow\nTC Gary Robinson'],-2.823763907144894e-07,58.351597131292706,108.8936032646484,153.83736161784253,163.02622444025533,163.02622444025533,163.02622444025533,163.02622444025533,163.02622444025533,163.02622444025533,163.02622444025533
111,DNF,C-1 Man,"Pete Binion

TC Pauline Tice
TC Becky Binion",326,0 days 04:05:00,0 days 09:41:00,0 days 15:21:00,1 days 01:10:00,1 days 15:00:00,2 days 01:34:00,2 days 07:00:00,,,,,USCA C-1 Man,['Pete Binion\n\n'],['Pauline Tice\nTC Becky Binion'],-2.823763907144894e-07,41.78337784415485,73.42852318395532,99.9121352436465,126.38648439029564,150.15568173744418,163.02622444025533,163.02622444025533,163.02622444025533,163.02622444025533,163.02622444025533
112,DNF,,"Reid Skinner
Preston Perkins

TC Luisa Romero
TC Hope McFarlin",409,0 days 04:00:00,0 days 09:54:00,0 days 16:06:00,1 days 01:10:00,1 days 13:56:00,2 days 01:09:00,2 days 05:17:00,,,,,,['Reid Skinner\nPreston Perkins\n\n'],['Luisa Romero\nTC Hope McFarlin'],-2.823763907144894e-07,40.96393399655756,72.30868468324991,100.9937861137176,128.62874251208697,151.91638581848198,163.02622444025533,163.02622444025533,163.02622444025533,163.02622444025533,163.02622444025533
113,DNF,Unlimited Man,"Jason Cade

TC Jeff Kellington",470,0 days 02:44:00,0 days 06:42:00,0 days 10:23:00,0 days 14:43:00,0 days 22:14:00,1 days 02:45:00,1 days 05:34:00,,,,,Solo Unlimited Man,['Jason Cade\n\n'],['Jeff Kellington'],-2.823763907144894e-07,59.099413311382875,113.00958834545833,163.02622444025533,163.02622444025533,163.02622444025533,163.02622444025533,163.02622444025533,163.02622444025533,163.02622444025533,163.02622444025533
114,DNF,Unlimited Women,"Dusty Kahl
Kristin Gonzalez

TC Craig Dilley
TC Cindy Kahl",666,0 days 04:15:00,0 days 10:42:00,0 days 16:27:00,1 days 00:09:00,1 days 14:01:00,2 days 00:56:00,2 days 05:23:00,,,,,Unlimited Women,['Dusty Kahl\nKristin Gonzalez\n\n'],['Craig Dilley\nTC Cindy Kahl'],-2.823763907144894e-07,38.06367389665085,73.1032690808933,102.5975950538286,128.56443065944015,152.392681681371,163.02622444025533,163.02622444025533,163.02622444025533,163.02622444025533,163.02622444025533
115,DNF,Unlimited,"Wayne Thorp
Wes Wyatt

TC Stephanie Wyatt
TC Jennifer Thorp",705,0 days 02:45:00,0 days 06:53:00,0 days 10:33:00,0 days 14:55:00,0 days 22:55:00,1 days 04:35:00,1 days 07:13:00,,,,,Unlimited,['Wayne Thorp\nWes Wyatt\n\n'],['Stephanie Wyatt\nTC Jennifer Thorp'],-2.823763907144894e-07,58.1526976636998,110.50981993179371,156.56434310604646,163.02622444025533,163.02622444025533,163.02622444025533,163.02622444025533,163.02622444025533,163.02622444025533,163.02622444025533
116,DNF,Tandem Unlimited,"Chad Monney
Kandace Monney

TC Lynn Monney
TC Gamble Monney",5413,0 days 04:27:00,0 days 11:50:00,0 days 17:28:00,1 days 03:58:00,1 days 18:07:00,2 days 02:15:00,2 days 07:02:00,,,,,Tandem Unlimited,['Chad Monney\nKandace Monney\n\n'],['Lynn Monney\nTC Gamble Monney'],-2.823763907144894e-07,34.75643472758546,67.45048951314203,92.29049524942951,118.4759158573637,148.2711238993945,163.02622444025533,163.02622444025533,163.02622444025533,163.02622444025533,163.02622444025533
117,DNF,Tandem Unlimited,"Phil Gumbert
Mary Jo Gumbert

TC Theresa Connelly
TC Stephen Smiley",233,0 days 03:14:00,0 days 07:50:00,0 days 12:05:00,0 days 17:15:00,1 days 03:27:00,1 days 10:38:00,,,,,,Tandem Unlimited,['Phil Gumbert\nMary Jo Gumbert\n\n'],['Theresa Connelly\nTC Stephen Smiley'],-2.823763907144894e-07,51.140161889153994,96.95573599450483,132.90092332074943,149.04023470320055,149.04023470320055,149.04023470320055,149.04023470320055,149.04023470320055,149.04023470320055,149.04023470320055
118,DNF,,"Blake Denison
Kyle Miller - out at Cheapside

TC Rick Denison",420,0 days 04:38:00,0 days 10:43:00,0 days 20:36:00,1 days 03:30:00,1 days 16:05:00,2 days 01:36:00,,,,,,,['Blake Denison\nKyle Miller - out at Cheapside\n\n'],['Rick Denison'],-2.823763907144894e-07,37.84408021229605,59.99328766252103,94.32752443756108,123.77311661787382,149.04023470320055,149.04023470320055,149.04023470320055,149.04023470320055,149.04023470320055,149.04023470320055
119,DNF,Unlimited Man,"Li-Yuan Chea

TC Alexandre Leonard
TC Katrina Chea",561,0 days 04:04:00,0 days 09:25:00,0 days 15:17:00,0 days 22:42:00,1 days 09:28:00,1 days 18:45:00,,,,,,Solo Unlimited Man,['Li-Yuan Chea\n\n'],['Alexandre Leonard\nTC Katrina Chea'],-2.823763907144894e-07,42.68107244536979,77.60236399341596,112.08832164043858,141.62805015233704,149.04023470320055,149.04023470320055,149.04023470320055,149.04023470320055,149.04023470320055,149.04023470320055
120,DNF,,"Cutter Cornett
Nathanael Tillman Lynch

TC Caitlin Cameron
TC Jordan Lynch",1836,0 days 04:47:00,0 days 10:50:00,0 days 19:27:00,1 days 02:55:00,1 days 16:16:00,2 days 01:34:00,,,,,,,['Cutter Cornett\nNathanael Tillman Lynch\n\n'],['Caitlin Cameron\nTC Jordan Lynch'],-2.823763907144894e-07,37.37246273066161,63.13934038818827,95.52378991263517,123.27837430231821,149.04023470320055,149.04023470320055,149.04023470320055,149.04023470320055,149.04023470320055,149.04023470320055
121,DNF,,"Dan Graves
Cristian Mandella

TC Lauren Graves",7,0 days 04:08:00,0 days 10:06:00,0 days 19:01:00,1 days 01:20:00,1 days 15:24:00,,,,,,,,['Dan Graves\nCristian Mandella\n\n'],['Lauren Graves'],-2.823763907144894e-07,40.23492073273427,65.24881042735159,99.25838189587569,124.01849655270976,124.01849655270976,124.01849655270976,124.01849655270976,124.01849655270976,124.01849655270976,124.01849655270976
122,DNF,Tandem Unlimited,"Myla Weber
Jim Weber

TC Sandy Pierson
TC Betsy Pierson",36,0 days 03:13:00,0 days 07:40:00,0 days 11:39:00,0 days 16:51:00,1 days 02:45:00,,,,,,,Tandem Unlimited,['Myla Weber\nJim Weber\n\n'],['Sandy Pierson\nTC Betsy Pierson'],-2.823763907144894e-07,52.70615085066013,98.75551689800963,124.01849655270976,124.01849655270976,124.01849655270976,124.01849655270976,124.01849655270976,124.01849655270976,124.01849655270976,124.01849655270976
123,DNF,Unlimited Man,"Matt Bonura

TC Christi Bonura
TC David Froelien",224,0 days 03:38:00,0 days 09:25:00,0 days 16:13:00,1 days 01:21:00,1 days 15:22:00,,,,,,,Solo Unlimited Man,['Matt Bonura\n\n'],['Christi Bonura\nTC David Froelien'],-2.823763907144894e-07,42.399753466989566,71.89936690912347,99.25817309248681,124.01849655270976,124.01849655270976,124.01849655270976,124.01849655270976,124.01849655270976,124.01849655270976,124.01849655270976
124,DNF,,"Kyle Thompson
Jay Osborne

TC Kristen Thompson
TC Kaitlyn Osborne",417,0 days 04:19:00,0 days 10:38:00,0 days 20:04:00,1 days 04:23:00,1 days 18:26:00,,,,,,,,['Kyle Thompson\nJay Osborne\n\n'],['Kristen Thompson\nTC Kaitlyn Osborne'],-2.823763907144894e-07,38.25918590099178,61.09900384716009,91.22956637533224,117.60136008367877,124.01849655270976,124.01849655270976,124.01849655270976,124.01849655270976,124.01849655270976,124.01849655270976
125,DNF,,"John Rubio
Matt Beahm
Joel Duncan

TC Tracy Duncan
TC Bob Loblaw",1234,0 days 04:27:00,0 days 10:48:00,0 days 19:22:00,1 days 02:45:00,1 days 18:33:00,,,,,,,,['John Rubio\nMatt Beahm\nJoel Duncan\n\n'],['Tracy Duncan\nTC Bob Loblaw'],-2.823763907144894e-07,37.65063249572835,63.45103458895701,94.58765822923841,118.03852541925542,124.01849655270976,124.01849655270976,124.01849655270976,124.01849655270976,124.01849655270976,124.01849655270976
126,DNF,,"Chris LaRochelle
Brad LaRochelle

TC Hayden LaRochelle
TC Katie Hollyfield",1377,0 days 04:03:00,0 days 09:20:00,0 days 14:18:00,0 days 21:09:00,1 days 07:06:00,,,,,,,,['Chris LaRochelle\nBrad LaRochelle\n\n'],['Hayden LaRochelle\nTC Katie Hollyfield'],-2.823763907144894e-07,43.39833758474082,82.64792741282848,119.9222546254485,124.01849655270976,124.01849655270976,124.01849655270976,124.01849655270976,124.01849655270976,124.01849655270976,124.01849655270976
127,DNF,Unlimited Man,"Meredith Cullen

TC Jimmy Woytaczyk
TC Katie Z",1929,0 days 05:05:00,0 days 11:34:00,0 days 20:10:00,1 days 03:36:00,1 days 19:32:00,,,,,,,Solo Unlimited Man,['Meredith Cullen\n\n'],['Jimmy Woytaczyk\nTC Katie Z'],-2.823763907144894e-07,34.91405408175335,60.84519933599876,92.5472365421405,115.80186216571384,124.01849655270976,124.01849655270976,124.01849655270976,124.01849655270976,124.01849655270976,124.01849655270976
128,DNF,Unlimited,"Harry Kuper
James Lowe

TC Avery Canter
TC Megan Lowe",3636,0 days 02:55:00,0 days 07:23:00,0 days 11:18:00,0 days 15:47:00,1 days 00:04:00,,,,,,,Unlimited,['Harry Kuper\nJames Lowe\n\n'],['Avery Canter\nTC Megan Lowe'],-2.823763907144894e-07,54.40284638588914,105.82779570945955,124.01849655270976,124.01849655270976,124.01849655270976,124.01849655270976,124.01849655270976,124.01849655270976,124.01849655270976,124.01849655270976
129,DNF,,"Ardie Hodges
Zane Mauldin

TC Rob Witherington",5511,0 days 04:15:00,0 days 10:23:00,0 days 16:46:00,1 days 02:00:00,1 days 17:54:00,,,,,,,,['Ardie Hodges\nZane Mauldin\n\n'],['Rob Witherington'],-2.823763907144894e-07,39.15269148889951,70.25182929025752,96.28747737618777,119.59085483544995,124.01849655270976,124.01849655270976,124.01849655270976,124.01849655270976,124.01849655270976,124.01849655270976
130,DNF,,"Keith Poland
Chris Underwood

TC Ashley Poland
TC Tyler Copeland",6969,0 days 04:28:00,0 days 10:47:00,0 days 17:49:00,1 days 02:16:00,1 days 16:45:00,,,,,,,,['Keith Poland\nChris Underwood\n\n'],['Ashley Poland\nTC Tyler Copeland'],-2.823763907144894e-07,37.697330858814,67.89065552034857,96.51702502987163,122.09978923716292,124.01849655270976,124.01849655270976,124.01849655270976,124.01849655270976,124.01849655270976,124.01849655270976
131,DNF,,"Kylan Lewis
Jonathon West

TC Megan Lewis
TC Desiree Allen",64,0 days 04:54:00,0 days 11:35:00,0 days 19:13:00,1 days 02:50:00,,,,,,,,,['Kylan Lewis\nJonathon West\n\n'],['Megan Lewis\nTC Desiree Allen'],-2.823763907144894e-07,35.02614526344507,63.88999313330788,86.96612639248289,86.96612639248289,86.96612639248289,86.96612639248289,86.96612639248289,86.96612639248289,86.96612639248289,86.96612639248289
132,DNF,Unlimited Man,"Pat Stroka

TC Mark Taylor",78,0 days 04:08:00,0 days 09:55:00,0 days 20:57:00,1 days 03:55:00,,,,,,,,Solo Unlimited Man,['Pat Stroka\n\n'],['Mark Taylor'],-2.823763907144894e-07,40.78715170005162,59.46982621715563,86.96612639248289,86.96612639248289,86.96612639248289,86.96612639248289,86.96612639248289,86.96612639248289,86.96612639248289,86.96612639248289
133,DNF,,"Grant Clark
Colby Pearson
Sean Dougherty

TC Michael Clark",1204,0 days 04:41:00,0 days 10:50:00,0 days 19:59:00,1 days 03:15:00,,,,,,,,,['Grant Clark\nColby Pearson\nSean Dougherty\n\n'],['Michael Clark'],-2.823763907144894e-07,37.42545460082553,61.30367443870299,86.96612639248289,86.96612639248289,86.96612639248289,86.96612639248289,86.96612639248289,86.96612639248289,86.96612639248289,86.96612639248289
134,DNF,C-1 Man,"Anthony Krenz

TC Molly Krenz
TC Anna Krenz",1290,0 days 04:06:00,0 days 10:04:00,0 days 15:45:00,0 days 23:36:00,,,,,,,,USCA C-1 Man,['Anthony Krenz\n\n'],['Molly Krenz\nTC Anna Krenz'],-2.823763907144894e-07,40.36710140373699,75.17030397893785,86.96612639248289,86.96612639248289,86.96612639248289,86.96612639248289,86.96612639248289,86.96612639248289,86.96612639248289,86.96612639248289
135,DNF,,"Larry Davis
Connor Davis

TC Quent Davis
TC Preston Davis",1722,0 days 04:46:00,0 days 10:52:00,0 days 20:56:00,1 days 04:37:00,,,,,,,,,['Larry Davis\nConnor Davis\n\n'],['Quent Davis\nTC Preston Davis'],-2.823763907144894e-07,37.2698843695312,59.333521053184256,86.96612639248289,86.96612639248289,86.96612639248289,86.96612639248289,86.96612639248289,86.96612639248289,86.96612639248289,86.96612639248289
136,DNF,,"William Kunkel
Eduardo Ramirez Jr

TC Jeff Kunkel
TC Jill Kunkel",2073,0 days 04:37:00,0 days 11:32:00,0 days 19:34:00,1 days 03:33:00,,,,,,,,,['William Kunkel\nEduardo Ramirez Jr\n\n'],['Jeff Kunkel\nTC Jill Kunkel'],-2.823763907144894e-07,35.38627891424176,62.640833946596295,86.96612639248289,86.96612639248289,86.96612639248289,86.96612639248289,86.96612639248289,86.96612639248289,86.96612639248289,86.96612639248289
137,DNF,Unlimited,"Dan Gideon
Scott Craig

TC Tiffany Marconi
TC Kristine Hood",2468,0 days 04:25:00,0 days 09:59:00,0 days 16:22:00,1 days 01:24:00,,,,,,,,Unlimited,['Dan Gideon\nScott Craig\n\n'],['Tiffany Marconi\nTC Kristine Hood'],-2.823763907144894e-07,40.68528315710153,71.59020658589696,86.96612639248289,86.96612639248289,86.96612639248289,86.96612639248289,86.96612639248289,86.96612639248289,86.96612639248289,86.96612639248289
138,DNF,,"Grant Hudspeth
Landon Ferguson

TC Joy Hayes
TC Joe Hayes",3159,0 days 04:20:00,0 days 10:37:00,0 days 17:18:00,0 days 23:43:00,,,,,,,,,['Grant Hudspeth\nLandon Ferguson\n\n'],['Joy Hayes\nTC Joe Hayes'],-2.823763907144894e-07,38.30936040077954,72.06773034195527,86.96612639248289,86.96612639248289,86.96612639248289,86.96612639248289,86.96612639248289,86.96612639248289,86.96612639248289,86.96612639248289
139,DNF,C-2,"Michael Carr
Edward Carr

TC Cash Kartaltepe
TC Yvonne Carr",5150,0 days 04:22:00,0 days 10:23:00,0 days 17:30:00,1 days 01:28:00,,,,,,,,USCA C-2,['Michael Carr\nEdward Carr\n\n'],['Cash Kartaltepe\nTC Yvonne Carr'],-2.823763907144894e-07,39.124017254002275,69.31626379927289,86.96612639248289,86.96612639248289,86.96612639248289,86.96612639248289,86.96612639248289,86.96612639248289,86.96612639248289,86.96612639248289
140,DNF,,"Lawson Lamme
JK Ault

TC Cam Orear
TC David Koenig",7770,0 days 04:08:00,0 days 09:31:00,0 days 15:15:00,0 days 21:16:00,,,,,,,,,['Lawson Lamme\nJK Ault\n\n'],['Cam Orear\nTC David Koenig'],-2.823763907144894e-07,42.36920492296802,81.55108510907186,86.96612639248289,86.96612639248289,86.96612639248289,86.96612639248289,86.96612639248289,86.96612639248289,86.96612639248289,86.96612639248289
141,DNF,,"Brandon Martinez
Robert Marchan
James Morris

TC Nick McMillan
TC Rhonda Martinez",18,0 days 04:28:00,0 days 10:40:00,0 days 20:51:00,,,,,,,,,,['Brandon Martinez\nRobert Marchan\nJames Morris\n\n'],['Nick McMillan\nTC Rhonda Martinez'],-2.823763907144894e-07,38.087340153324504,59.5241007626022,61.24468029628051,61.24468029628051,61.24468029628051,61.24468029628051,61.24468029628051,61.24468029628051,61.24468029628051,61.24468029628051
142,DNF,Unlimited Man,"James Sutherland

TC Sophia Sutherland
TC Ryan Rager-Aguiar",23,0 days 02:53:00,0 days 06:58:00,0 days 10:53:00,,,,,,,,,Solo Unlimited Man,['James Sutherland\n\n'],['Sophia Sutherland\nTC Ryan Rager-Aguiar'],-2.823763907144894e-07,56.59574186998894,61.24468029628051,61.24468029628051,61.24468029628051,61.24468029628051,61.24468029628051,61.24468029628051,61.24468029628051,61.24468029628051,61.24468029628051
143,DNF,,"Tristan  Summy
Waldo Morrison - out at Fentress

TC Natalie Wolff
TC Karen Summy",229,0 days 03:52:00,0 days 11:36:00,0 days 19:21:00,,,,,,,,,,['Tristan  Summy\nWaldo Morrison - out at Fentress\n\n'],['Natalie Wolff\nTC Karen Summy'],-2.823763907144894e-07,35.73621996446931,61.24468029628051,61.24468029628051,61.24468029628051,61.24468029628051,61.24468029628051,61.24468029628051,61.24468029628051,61.24468029628051,61.24468029628051
144,DNF,,"Nathan Sany
Jason Best

TC Katie Brannen
TC Charles Collins",344,0 days 04:17:00,0 days 10:03:00,0 days 16:25:00,,,,,,,,,,['Nathan Sany\nJason Best\n\n'],['Katie Brannen\nTC Charles Collins'],-2.823763907144894e-07,40.426315288145716,61.24468029628051,61.24468029628051,61.24468029628051,61.24468029628051,61.24468029628051,61.24468029628051,61.24468029628051,61.24468029628051,61.24468029628051
145,DNF,Tandem Unlimited,"Nicole Ellis
Kevin Ellis

TC Spencer Williams
TC Nathan Schulze",1814,0 days 04:04:00,0 days 10:56:00,0 days 19:02:00,,,,,,,,,Tandem Unlimited,['Nicole Ellis\nKevin Ellis\n\n'],['Spencer Williams\nTC Nathan Schulze'],-2.823763907144894e-07,37.41549418717142,61.24468029628051,61.24468029628051,61.24468029628051,61.24468029628051,61.24468029628051,61.24468029628051,61.24468029628051,61.24468029628051,61.24468029628051
146,DNF,C-2,"Sontian Morrell-Stinson
Andy Arreola 

TC Alex Gary",3447,0 days 04:26:00,0 days 10:43:00,0 days 17:02:00,,,,,,,,,USCA C-2,['Sontian Morrell-Stinson\nAndy Arreola \n\n'],['Alex Gary'],-2.823763907144894e-07,37.93280326375853,61.24468029628051,61.24468029628051,61.24468029628051,61.24468029628051,61.24468029628051,61.24468029628051,61.24468029628051,61.24468029628051,61.24468029628051
147,DNF,Women,"Staci Maloney
Myrna Lewis

TC Kate Catlow",3696,0 days 04:39:00,0 days 11:10:00,0 days 20:40:00,,,,,,,,,Women,['Staci Maloney\nMyrna Lewis\n\n'],['Kate Catlow'],-2.823763907144894e-07,36.39559622997754,59.79813871378661,61.24468029628051,61.24468029628051,61.24468029628051,61.24468029628051,61.24468029628051,61.24468029628051,61.24468029628051,61.24468029628051
148,DNF,,"Bradley Welter
Blake Newman

TC Joel Smith
TC Sam George",6734,0 days 04:26:00,0 days 10:57:00,0 days 19:57:00,,,,,,,,,,['Bradley Welter\nBlake Newman\n\n'],['Joel Smith\nTC Sam George'],-2.823763907144894e-07,37.18225715433388,61.24468029628051,61.24468029628051,61.24468029628051,61.24468029628051,61.24468029628051,61.24468029628051,61.24468029628051,61.24468029628051,61.24468029628051
149,DNF,,"Martin Dawe
John Durkop

TC Morris Moore
TC Sandra Dawe",42,0 days 04:20:00,0 days 10:33:00,,,,,,,,,,,['Martin Dawe\nJohn Durkop\n\n'],['Morris Moore\nTC Sandra Dawe'],-2.823763907144894e-07,38.538188687798566,40.631462745742425,40.631462745742425,40.631462745742425,40.631462745742425,40.631462745742425,40.631462745742425,40.631462745742425,40.631462745742425,40.631462745742425
150,DNF,Unlimited Man,"Justin McKinney

TC Ryan Roth",999,0 days 04:00:00,0 days 09:31:00,,,,,,,,,,Solo Unlimited Man,['Justin McKinney\n\n'],['Ryan Roth'],-2.823763907144894e-07,40.631462745742425,40.631462745742425,40.631462745742425,40.631462745742425,40.631462745742425,40.631462745742425,40.631462745742425,40.631462745742425,40.631462745742425,40.631462745742425
151,DNF,,"Peter Andrews
TJ Fleming

TC Richard Andrews
TC Bo Alomes",1001,0 days 04:19:00,0 days 10:16:00,,,,,,,,,,,['Peter Andrews\nTJ Fleming\n\n'],['Richard Andrews\nTC Bo Alomes'],-2.823763907144894e-07,39.571055345877475,40.631462745742425,40.631462745742425,40.631462745742425,40.631462745742425,40.631462745742425,40.631462745742425,40.631462745742425,40.631462745742425,40.631462745742425
152,DNF,Unlimited,"Ryan Willis
Garrett Schmidt

TC Robi Willis
TC Sean Willis",1776,0 days 04:08:00,0 days 09:46:00,,,,,,,,,,Unlimited,['Ryan Willis\nGarrett Schmidt\n\n'],['Robi Willis\nTC Sean Willis'],-2.823763907144894e-07,40.631462745742425,40.631462745742425,40.631462745742425,40.631462745742425,40.631462745742425,40.631462745742425,40.631462745742425,40.631462745742425,40.631462745742425,40.631462745742425
153,DNF,,"Micah Harris
Miles Maynor

TC Micah Killiam
TC Morgan Maynor",3040,0 days 03:55:00,0 days 15:00:00,,,,,,,,,,,['Micah Harris\nMiles Maynor\n\n'],['Micah Killiam\nTC Morgan Maynor'],-2.823763907144894e-07,29.95762510236497,40.631462745742425,40.631462745742425,40.631462745742425,40.631462745742425,40.631462745742425,40.631462745742425,40.631462745742425,40.631462745742425,40.631462745742425
154,DNF,Women,"Makayla Barnett
Kristy Cothran

TC Robert Barnett
TC Antonio Ramirez",69,0 days 05:06:00,,,,,,,,,,,Women,['Makayla Barnett\nKristy Cothran\n\n'],['Robert Barnett\nTC Antonio Ramirez'],-2.823763907144894e-07,16.97112263625573,16.97112263625573,16.97112263625573,16.97112263625573,16.97112263625573,16.97112263625573,16.97112263625573,16.97112263625573,16.97112263625573,16.97112263625573
155,DNF,,"Pete Garcia
Nicholas Shawn Barkdull

TC Ramona Garcia
TC Brenda Lewallen",6670,0 days 04:36:00,,,,,,,,,,,,['Pete Garcia\nNicholas Shawn Barkdull\n\n'],['Ramona Garcia\nTC Brenda Lewallen'],-2.823763907144894e-07,16.97112263625573,16.97112263625573,16.97112263625573,16.97112263625573,16.97112263625573,16.97112263625573,16.97112263625573,16.97112263625573,16.97112263625573,16.97112263625573
156,DNF,Unlimited Man,"Travis Brown

TC David Froehlich",8080,0 days 05:11:00,,,,,,,,,,,Solo Unlimited Man,['Travis Brown\n\n'],['David Froehlich'],-2.823763907144894e-07,16.97112263625573,16.97112263625573,16.97112263625573,16.97112263625573,16.97112263625573,16.97112263625573,16.97112263625573,16.97112263625573,16.97112263625573,16.97112263625573
157,DNF,Unlimited Man,"Larkin Hood

TC Kristine Hood",5559,,,,,,,,,,,,Solo Unlimited Man,['Larkin Hood\n\n'],['Kristine Hood'],-2.823763907144894e-07,-2.823763907144894e-07,-2.823763907144894e-07,-2.823763907144894e-07,-2.823763907144894e-07,-2.823763907144894e-07,-2.823763907144894e-07,-2.823763907144894e-07,-2.823763907144894e-07,-2.823763907144894e-07,-2.823763907144894e-07
158,DNF,,"Will Birdsong
Clint Walker

TC Jim Birdsong
TC Rhonda Walker",9517,,,,,,,,,,,,,['Will Birdsong\nClint Walker\n\n'],['Jim Birdsong\nTC Rhonda Walker'],-2.823763907144894e-07,-2.823763907144894e-07,-2.823763907144894e-07,-2.823763907144894e-07,-2.823763907144894e-07,-2.823763907144894e-07,-2.823763907144894e-07,-2.823763907144894e-07,-2.823763907144894e-07,-2.823763907144894e-07,-2.823763907144894e-07
